This file contains any messages produced by compilers while
running configure, to aid debugging if configure makes a mistake.

It was created by libffi configure 3.4.2, which was
generated by GNU Autoconf 2.73.  Invocation command line was

  $ /Users/masterschool/Desktop/New_Project_Ethiopian_2026/ethiopian_coffee_game/.buildozer/android/platform/build-arm64-v8a_armeabi-v7a/build/other_builds/libffi/arm64-v8a__ndk_target_21/libffi/configure --host=aarch64-linux-android --prefix=/Users/masterschool/Desktop/New_Project_Ethiopian_2026/ethiopian_coffee_game/.buildozer/android/platform/build-arm64-v8a_armeabi-v7a/build/other_builds/libffi/arm64-v8a__ndk_target_21/libffi --disable-builddir --enable-shared

## --------- ##
## Platform. ##
## --------- ##

hostname = Masterschool-softwares-MacBook-Air.local
uname -m = arm64
uname -r = 22.6.0
uname -s = Darwin
uname -v = Darwin Kernel Version 22.6.0: Wed Jul  5 22:17:35 PDT 2023; root:xnu-8796.141.3~6/RELEASE_ARM64_T8112

/usr/bin/uname -p = arm
/bin/uname -X     = unknown

/bin/arch              = unknown
/usr/bin/arch -k       = unknown
/usr/convex/getsysinfo = unknown
/usr/bin/hostinfo      = Mach kernel version:
	 Darwin Kernel Version 22.6.0: Wed Jul  5 22:17:35 PDT 2023; root:xnu-8796.141.3~6/RELEASE_ARM64_T8112
Kernel configured for up to 8 processors.
8 processors are physically available.
8 processors are logically available.
Processor type: arm64e (ARM64E)
Processors active: 0 1 2 3 4 5 6 7
Primary memory available: 8.00 gigabytes
Default processor set: 416 tasks, 2691 threads, 8 processors
Load average: 3.24, Mach factor: 4.75
/bin/machine           = unknown
/usr/bin/oslevel       = unknown
/bin/universe          = unknown

PATH: /Users/masterschool/.buildozer/android/platform/android-ndk-r25b/toolchains/llvm/prebuilt/darwin-x86_64/bin/
PATH: /Users/masterschool/.buildozer/android/platform/android-ndk-r25b/
PATH: /Users/masterschool/.buildozer/android/platform/android-sdk/tools/
PATH: /Users/masterschool/.buildozer/android/platform/apache-ant-1.9.4/bin/
PATH: /Users/masterschool/Desktop/New_Project_Ethiopian_2026/advanced_ethiopian_calculater/.venv/bin/
PATH: /opt/homebrew/opt/openssl@3/bin/
PATH: /Library/Java/JavaVirtualMachines/temurin-17.jdk/Contents/Home/bin/
PATH: /Library/Java/JavaVirtualMachines/temurin-17.jdk/Contents/Home/bin/
PATH: /Users/masterschool/.bun/bin/
PATH: /opt/homebrew/bin/
PATH: /opt/homebrew/sbin/
PATH: /opt/homebrew/bin/
PATH: /Users/masterschool/.nvm/versions/node/v20.11.1/bin/
PATH: /Library/Frameworks/Python.framework/Versions/3.10/bin/
PATH: /Library/Frameworks/Python.framework/Versions/3.9/bin/
PATH: /Library/Frameworks/Python.framework/Versions/2.7/bin/
PATH: /Library/Frameworks/Python.framework/Versions/3.13/bin/
PATH: /Library/Frameworks/Python.framework/Versions/3.12/bin/
PATH: /usr/local/bin/
PATH: /System/Cryptexes/App/usr/bin/
PATH: /usr/bin/
PATH: /bin/
PATH: /usr/sbin/
PATH: /sbin/
PATH: /usr/local/go/bin/
PATH: /var/run/com.apple.security.cryptexd/codex.system/bootstrap/usr/local/bin/
PATH: /var/run/com.apple.security.cryptexd/codex.system/bootstrap/usr/bin/
PATH: /var/run/com.apple.security.cryptexd/codex.system/bootstrap/usr/appleinternal/bin/
PATH: /Users/masterschool/Library/Application Support/JetBrains/Toolbox/scripts/
PATH: /Users/masterschool/.local/bin/
PATH: /Users/masterschool/go/bin/


## ----------- ##
## Core tests. ##
## ----------- ##

configure:2984: looking for aux files: ltmain.sh compile missing install-sh config.guess config.sub
configure:2997:  trying ./
configure:3026:   ./ltmain.sh found
configure:3026:   ./compile found
configure:3026:   ./missing found
configure:3008:   ./install-sh found
configure:3026:   ./config.guess found
configure:3026:   ./config.sub found
configure:3171: checking build system type
configure:3187: result: aarch64-apple-darwin22.6.0
configure:3207: checking host system type
configure:3222: result: aarch64-unknown-linux-android
configure:3242: checking target system type
configure:3257: result: aarch64-unknown-linux-android
configure:3357: checking for gsed
configure:3394: result: sed
configure:3423: checking for a BSD-compatible install
configure:3497: result: /usr/bin/install -c
configure:3508: checking whether sleep supports fractional seconds
configure:3524: result: yes
configure:3527: checking filesystem timestamp resolution
configure:3662: result: 2
configure:3667: checking whether build environment is sane
configure:3712: result: yes
configure:3774: checking for aarch64-linux-android-strip
configure:3807: result: /Users/masterschool/.buildozer/android/platform/android-ndk-r25b/toolchains/llvm/prebuilt/darwin-x86_64/bin/llvm-strip --strip-unneeded
configure:3879: checking for a race-free mkdir -p
configure:3922: result: mkdir -p
configure:3929: checking for gawk
configure:3965: result: no
configure:3929: checking for mawk
configure:3965: result: no
configure:3929: checking for nawk
configure:3965: result: no
configure:3929: checking for awk
configure:3950: found /usr/bin/awk
configure:3962: result: awk
configure:3973: checking whether make -j8 sets $(MAKE)
configure:3997: result: yes
configure:4023: checking whether make -j8 supports nested variables
configure:4042: result: yes
configure:4056: checking xargs -n works
configure:4072: result: yes
configure:4157: checking whether UID '501' is supported by ustar format
configure:4163: result: yes
configure:4170: checking whether GID '20' is supported by ustar format
configure:4176: result: yes
configure:4184: checking how to create a ustar tar archive
configure:4195: tar --version
bsdtar 3.5.3 - libarchive 3.5.3 zlib/1.2.11 liblzma/5.0.5 bz2lib/1.0.8 
configure:4198: $? = 0
configure:4238: tardir=conftest.dir && eval tar --format=ustar -chf - "$tardir" >conftest.tar
configure:4241: $? = 0
configure:4245: tar -xf - <conftest.tar
configure:4248: $? = 0
configure:4250: cat conftest.dir/file
GrepMe
configure:4253: $? = 0
configure:4268: result: gnutar
configure:4325: checking for aarch64-linux-android-gcc
configure:4358: result: /Users/masterschool/.buildozer/android/platform/android-ndk-r25b/toolchains/llvm/prebuilt/darwin-x86_64/bin/clang -target aarch64-linux-android21 -fomit-frame-pointer -march=armv8-a -fPIC
configure:4763: checking for C compiler version
configure:4772: /Users/masterschool/.buildozer/android/platform/android-ndk-r25b/toolchains/llvm/prebuilt/darwin-x86_64/bin/clang -target aarch64-linux-android21 -fomit-frame-pointer -march=armv8-a -fPIC --version >&5
Android (8490178, based on r450784d) clang version 14.0.6 (https://android.googlesource.com/toolchain/llvm-project 4c603efb0cca074e9238af8b4106c30add4418f6)
Target: aarch64-unknown-linux-android21
Thread model: posix
InstalledDir: /Users/masterschool/.buildozer/android/platform/android-ndk-r25b/toolchains/llvm/prebuilt/darwin-x86_64/bin
configure:4783: $? = 0
configure:4772: /Users/masterschool/.buildozer/android/platform/android-ndk-r25b/toolchains/llvm/prebuilt/darwin-x86_64/bin/clang -target aarch64-linux-android21 -fomit-frame-pointer -march=armv8-a -fPIC -v >&5
Android (8490178, based on r450784d) clang version 14.0.6 (https://android.googlesource.com/toolchain/llvm-project 4c603efb0cca074e9238af8b4106c30add4418f6)
Target: aarch64-unknown-linux-android21
Thread model: posix
InstalledDir: /Users/masterschool/.buildozer/android/platform/android-ndk-r25b/toolchains/llvm/prebuilt/darwin-x86_64/bin
clang-14: warning: argument unused during compilation: '-fomit-frame-pointer' [-Wunused-command-line-argument]
clang-14: warning: argument unused during compilation: '-fPIC' [-Wunused-command-line-argument]
configure:4783: $? = 0
configure:4772: /Users/masterschool/.buildozer/android/platform/android-ndk-r25b/toolchains/llvm/prebuilt/darwin-x86_64/bin/clang -target aarch64-linux-android21 -fomit-frame-pointer -march=armv8-a -fPIC -V >&5
clang-14: error: argument to '-V' is missing (expected 1 value)
clang-14: error: no input files
configure:4783: $? = 1
configure:4772: /Users/masterschool/.buildozer/android/platform/android-ndk-r25b/toolchains/llvm/prebuilt/darwin-x86_64/bin/clang -target aarch64-linux-android21 -fomit-frame-pointer -march=armv8-a -fPIC -qversion >&5
clang-14: error: unknown argument '-qversion'; did you mean '--version'?
clang-14: error: no input files
configure:4783: $? = 1
configure:4772: /Users/masterschool/.buildozer/android/platform/android-ndk-r25b/toolchains/llvm/prebuilt/darwin-x86_64/bin/clang -target aarch64-linux-android21 -fomit-frame-pointer -march=armv8-a -fPIC -version >&5
clang-14: error: unknown argument '-version'; did you mean '--version'?
clang-14: error: no input files
configure:4783: $? = 1
configure:4803: checking whether the C compiler works
configure:4825: /Users/masterschool/.buildozer/android/platform/android-ndk-r25b/toolchains/llvm/prebuilt/darwin-x86_64/bin/clang -target aarch64-linux-android21 -fomit-frame-pointer -march=armv8-a -fPIC -target aarch64-linux-android21 -fomit-frame-pointer -march=armv8-a -fPIC -DANDROID -I/Users/masterschool/.buildozer/android/platform/android-ndk-r25b/toolchains/llvm/prebuilt/darwin-x86_64/sysroot/usr/include -I/Users/masterschool/Desktop/New_Project_Ethiopian_2026/ethiopian_coffee_game/.buildozer/android/platform/build-arm64-v8a_armeabi-v7a/build/python-installs/coffeegame/arm64-v8a/include/python3.1   -L/Users/masterschool/Desktop/New_Project_Ethiopian_2026/ethiopian_coffee_game/.buildozer/android/platform/build-arm64-v8a_armeabi-v7a/build/libs_collections/coffeegame/arm64-v8a conftest.c  >&5
configure:4829: $? = 0
configure:4880: result: yes
configure:4884: checking for C compiler default output file name
configure:4886: result: a.out
configure:4892: checking for suffix of executables
configure:4899: /Users/masterschool/.buildozer/android/platform/android-ndk-r25b/toolchains/llvm/prebuilt/darwin-x86_64/bin/clang -target aarch64-linux-android21 -fomit-frame-pointer -march=armv8-a -fPIC -o conftest -target aarch64-linux-android21 -fomit-frame-pointer -march=armv8-a -fPIC -DANDROID -I/Users/masterschool/.buildozer/android/platform/android-ndk-r25b/toolchains/llvm/prebuilt/darwin-x86_64/sysroot/usr/include -I/Users/masterschool/Desktop/New_Project_Ethiopian_2026/ethiopian_coffee_game/.buildozer/android/platform/build-arm64-v8a_armeabi-v7a/build/python-installs/coffeegame/arm64-v8a/include/python3.1   -L/Users/masterschool/Desktop/New_Project_Ethiopian_2026/ethiopian_coffee_game/.buildozer/android/platform/build-arm64-v8a_armeabi-v7a/build/libs_collections/coffeegame/arm64-v8a conftest.c  >&5
configure:4903: $? = 0
configure:4927: result: 
configure:4951: checking whether we are cross compiling
configure:4959: /Users/masterschool/.buildozer/android/platform/android-ndk-r25b/toolchains/llvm/prebuilt/darwin-x86_64/bin/clang -target aarch64-linux-android21 -fomit-frame-pointer -march=armv8-a -fPIC -o conftest -target aarch64-linux-android21 -fomit-frame-pointer -march=armv8-a -fPIC -DANDROID -I/Users/masterschool/.buildozer/android/platform/android-ndk-r25b/toolchains/llvm/prebuilt/darwin-x86_64/sysroot/usr/include -I/Users/masterschool/Desktop/New_Project_Ethiopian_2026/ethiopian_coffee_game/.buildozer/android/platform/build-arm64-v8a_armeabi-v7a/build/python-installs/coffeegame/arm64-v8a/include/python3.1   -L/Users/masterschool/Desktop/New_Project_Ethiopian_2026/ethiopian_coffee_game/.buildozer/android/platform/build-arm64-v8a_armeabi-v7a/build/libs_collections/coffeegame/arm64-v8a conftest.c  >&5
configure:4963: $? = 0
configure:4970: ./conftest
/Users/masterschool/Desktop/New_Project_Ethiopian_2026/ethiopian_coffee_game/.buildozer/android/platform/build-arm64-v8a_armeabi-v7a/build/other_builds/libffi/arm64-v8a__ndk_target_21/libffi/configure: line 4972: ./conftest: cannot execute binary file
configure:4974: $? = 126
configure:4989: result: yes
configure:4995: checking for suffix of object files
configure:5018: /Users/masterschool/.buildozer/android/platform/android-ndk-r25b/toolchains/llvm/prebuilt/darwin-x86_64/bin/clang -target aarch64-linux-android21 -fomit-frame-pointer -march=armv8-a -fPIC -c -target aarch64-linux-android21 -fomit-frame-pointer -march=armv8-a -fPIC -DANDROID -I/Users/masterschool/.buildozer/android/platform/android-ndk-r25b/toolchains/llvm/prebuilt/darwin-x86_64/sysroot/usr/include -I/Users/masterschool/Desktop/New_Project_Ethiopian_2026/ethiopian_coffee_game/.buildozer/android/platform/build-arm64-v8a_armeabi-v7a/build/python-installs/coffeegame/arm64-v8a/include/python3.1 conftest.c >&5
configure:5022: $? = 0
configure:5046: result: o
configure:5050: checking whether the compiler supports GNU C
configure:5070: /Users/masterschool/.buildozer/android/platform/android-ndk-r25b/toolchains/llvm/prebuilt/darwin-x86_64/bin/clang -target aarch64-linux-android21 -fomit-frame-pointer -march=armv8-a -fPIC -c -target aarch64-linux-android21 -fomit-frame-pointer -march=armv8-a -fPIC -DANDROID -I/Users/masterschool/.buildozer/android/platform/android-ndk-r25b/toolchains/llvm/prebuilt/darwin-x86_64/sysroot/usr/include -I/Users/masterschool/Desktop/New_Project_Ethiopian_2026/ethiopian_coffee_game/.buildozer/android/platform/build-arm64-v8a_armeabi-v7a/build/python-installs/coffeegame/arm64-v8a/include/python3.1 conftest.c >&5
configure:5070: $? = 0
configure:5082: result: yes
configure:5093: checking whether /Users/masterschool/.buildozer/android/platform/android-ndk-r25b/toolchains/llvm/prebuilt/darwin-x86_64/bin/clang -target aarch64-linux-android21 -fomit-frame-pointer -march=armv8-a -fPIC accepts -g
configure:5114: /Users/masterschool/.buildozer/android/platform/android-ndk-r25b/toolchains/llvm/prebuilt/darwin-x86_64/bin/clang -target aarch64-linux-android21 -fomit-frame-pointer -march=armv8-a -fPIC -c -g -DANDROID -I/Users/masterschool/.buildozer/android/platform/android-ndk-r25b/toolchains/llvm/prebuilt/darwin-x86_64/sysroot/usr/include -I/Users/masterschool/Desktop/New_Project_Ethiopian_2026/ethiopian_coffee_game/.buildozer/android/platform/build-arm64-v8a_armeabi-v7a/build/python-installs/coffeegame/arm64-v8a/include/python3.1 conftest.c >&5
configure:5114: $? = 0
configure:5161: result: yes
configure:5181: checking for /Users/masterschool/.buildozer/android/platform/android-ndk-r25b/toolchains/llvm/prebuilt/darwin-x86_64/bin/clang -target aarch64-linux-android21 -fomit-frame-pointer -march=armv8-a -fPIC option to enable C23 features
configure:5196: /Users/masterschool/.buildozer/android/platform/android-ndk-r25b/toolchains/llvm/prebuilt/darwin-x86_64/bin/clang -target aarch64-linux-android21 -fomit-frame-pointer -march=armv8-a -fPIC  -c -target aarch64-linux-android21 -fomit-frame-pointer -march=armv8-a -fPIC -DANDROID -I/Users/masterschool/.buildozer/android/platform/android-ndk-r25b/toolchains/llvm/prebuilt/darwin-x86_64/sysroot/usr/include -I/Users/masterschool/Desktop/New_Project_Ethiopian_2026/ethiopian_coffee_game/.buildozer/android/platform/build-arm64-v8a_armeabi-v7a/build/python-installs/coffeegame/arm64-v8a/include/python3.1 conftest.c >&5
conftest.c:16:3: error: "Compiler advertises conformance to C17 or earlier"
# error "Compiler advertises conformance to C17 or earlier"
  ^
conftest.c:20:23: error: expected function body after function declarator
char alignas (double) c23_aligned_as_double;
                      ^
conftest.c:21:15: error: expected parameter declarator
char alignas (0) c23_no_special_alignment;
              ^
conftest.c:21:15: error: expected ')'
conftest.c:21:14: note: to match this '('
char alignas (0) c23_no_special_alignment;
             ^
conftest.c:21:18: error: expected function body after function declarator
char alignas (0) c23_no_special_alignment;
                 ^
conftest.c:23:15: error: expected parameter declarator
char alignas (0) alignas (int) c23_aligned_as_int;
              ^
conftest.c:23:15: error: expected ')'
conftest.c:23:14: note: to match this '('
char alignas (0) alignas (int) c23_aligned_as_int;
             ^
conftest.c:23:18: error: expected function body after function declarator
char alignas (0) alignas (int) c23_aligned_as_int;
                 ^
conftest.c:28:23: warning: implicit declaration of function 'alignof' is invalid in C99 [-Wimplicit-function-declaration]
  c23_int_alignment = alignof (int),
                      ^
conftest.c:28:32: error: expected expression
  c23_int_alignment = alignof (int),
                               ^
conftest.c:29:38: error: expected expression
  c23_int_array_alignment = alignof (int[100]),
                                     ^
conftest.c:30:33: error: expected expression
  c23_char_alignment = alignof (char)
                                ^
conftest.c:32:16: error: expected parameter declarator
static_assert (0 < -alignof (int), "alignof is signed");
               ^
conftest.c:32:16: error: expected ')'
conftest.c:32:15: note: to match this '('
static_assert (0 < -alignof (int), "alignof is signed");
              ^
conftest.c:32:1: warning: type specifier missing, defaults to 'int' [-Wimplicit-int]
static_assert (0 < -alignof (int), "alignof is signed");
^
conftest.c:34:41: warning: omitting the parameter name in a function definition is a C2x extension [-Wc2x-extensions]
int function_with_unnamed_parameter (int) { return 0; }
                                        ^
conftest.c:40:1: error: unknown type name 'bool'
bool use_u8 = (!sizeof u8"\xFF") == (!u8'x');
^
conftest.c:40:39: error: use of undeclared identifier 'u8'
bool use_u8 = (!sizeof u8"\xFF") == (!u8'x');
                                      ^
conftest.c:42:1: error: unknown type name 'bool'
bool check_that_bool_works = true | false | !nullptr;
^
conftest.c:42:30: error: use of undeclared identifier 'true'
bool check_that_bool_works = true | false | !nullptr;
                             ^
conftest.c:42:37: error: use of undeclared identifier 'false'
bool check_that_bool_works = true | false | !nullptr;
                                    ^
conftest.c:42:46: error: use of undeclared identifier 'nullptr'
bool check_that_bool_works = true | false | !nullptr;
                                             ^
fatal error: too many errors emitted, stopping now [-ferror-limit=]
3 warnings and 20 errors generated.
configure:5196: $? = 1
configure: failed program was:
| /* confdefs.h */
| #define PACKAGE_NAME "libffi"
| #define PACKAGE_TARNAME "libffi"
| #define PACKAGE_VERSION "3.4.2"
| #define PACKAGE_STRING "libffi 3.4.2"
| #define PACKAGE_BUGREPORT "http://github.com/libffi/libffi/issues"
| #define PACKAGE_URL ""
| #define PACKAGE "libffi"
| #define VERSION "3.4.2"
| /* end confdefs.h.  */
| 
| /* Does the compiler advertise conformance to C17 or earlier?
|    Although GCC 14 does not do that, even with -std=gnu23,
|    it is close enough, and defines __STDC_VERSION == 202000L.  */
| #if !defined __STDC_VERSION__ || __STDC_VERSION__ <= 201710L
| # error "Compiler advertises conformance to C17 or earlier"
| #endif
| 
| // Check alignas.
| char alignas (double) c23_aligned_as_double;
| char alignas (0) c23_no_special_alignment;
| extern char c23_aligned_as_int;
| char alignas (0) alignas (int) c23_aligned_as_int;
| 
| // Check alignof.
| enum
| {
|   c23_int_alignment = alignof (int),
|   c23_int_array_alignment = alignof (int[100]),
|   c23_char_alignment = alignof (char)
| };
| static_assert (0 < -alignof (int), "alignof is signed");
| 
| int function_with_unnamed_parameter (int) { return 0; }
| 
| void c23_noreturn ();
| 
| /* Test parsing of string and char UTF-8 literals (including hex escapes).
|    The parens pacify GCC 15.  */
| bool use_u8 = (!sizeof u8"\xFF") == (!u8'x');
| 
| bool check_that_bool_works = true | false | !nullptr;
| #if !true
| # error "true does not work in #if"
| #endif
| #if false
| #elifdef __STDC_VERSION__
| #else
| # error "#elifdef does not work"
| #endif
| 
| #ifndef __has_c_attribute
| # error "__has_c_attribute not defined"
| #endif
| 
| #ifndef __has_include
| # error "__has_include not defined"
| #endif
| 
| #define LPAREN() (
| #define FORTY_TWO(x) 42
| #define VA_OPT_TEST(r, x, ...) __VA_OPT__ (FORTY_TWO r x))
| static_assert (VA_OPT_TEST (LPAREN (), 0, <:-) == 42);
| 
| static_assert (0b101010 == 42);
| static_assert (0B101010 == 42);
| static_assert (0xDEAD'BEEF == 3'735'928'559);
| static_assert (0.500'000'000 == 0.5);
| 
| enum unsignedish : unsigned int { uione = 1 };
| static_assert (0 < -uione);
| 
| #include <stddef.h>
| constexpr nullptr_t null_pointer = nullptr;
| 
| static typeof (1 + 1L) two () { return 2; }
| static long int three () { return 3; }
| 
| 
| int
| main (int, char **)
| {
|   int ok = 0;
|   
|   {
|     label_before_declaration:
|       int arr[10] = {};
|       if (arr[0])
|         goto label_before_declaration;
|       if (!arr[0])
|         goto label_at_end_of_block;
|     label_at_end_of_block:
|   }
|   ok |= !null_pointer;
|   ok |= two != three;
| 
|   return ok;
| }
| 
configure:5196: /Users/masterschool/.buildozer/android/platform/android-ndk-r25b/toolchains/llvm/prebuilt/darwin-x86_64/bin/clang -target aarch64-linux-android21 -fomit-frame-pointer -march=armv8-a -fPIC -std=gnu23 -c -target aarch64-linux-android21 -fomit-frame-pointer -march=armv8-a -fPIC -DANDROID -I/Users/masterschool/.buildozer/android/platform/android-ndk-r25b/toolchains/llvm/prebuilt/darwin-x86_64/sysroot/usr/include -I/Users/masterschool/Desktop/New_Project_Ethiopian_2026/ethiopian_coffee_game/.buildozer/android/platform/build-arm64-v8a_armeabi-v7a/build/python-installs/coffeegame/arm64-v8a/include/python3.1 conftest.c >&5
error: invalid value 'gnu23' in '-std=gnu23'
note: use 'c89', 'c90', or 'iso9899:1990' for 'ISO C 1990' standard
note: use 'iso9899:199409' for 'ISO C 1990 with amendment 1' standard
note: use 'gnu89' or 'gnu90' for 'ISO C 1990 with GNU extensions' standard
note: use 'c99' or 'iso9899:1999' for 'ISO C 1999' standard
note: use 'gnu99' for 'ISO C 1999 with GNU extensions' standard
note: use 'c11' or 'iso9899:2011' for 'ISO C 2011' standard
note: use 'gnu11' for 'ISO C 2011 with GNU extensions' standard
note: use 'c17', 'iso9899:2017', 'c18', or 'iso9899:2018' for 'ISO C 2017' standard
note: use 'gnu17' or 'gnu18' for 'ISO C 2017 with GNU extensions' standard
note: use 'c2x' for 'Working Draft for ISO C2x' standard
note: use 'gnu2x' for 'Working Draft for ISO C2x with GNU extensions' standard
configure:5196: $? = 1
configure: failed program was:
| /* confdefs.h */
| #define PACKAGE_NAME "libffi"
| #define PACKAGE_TARNAME "libffi"
| #define PACKAGE_VERSION "3.4.2"
| #define PACKAGE_STRING "libffi 3.4.2"
| #define PACKAGE_BUGREPORT "http://github.com/libffi/libffi/issues"
| #define PACKAGE_URL ""
| #define PACKAGE "libffi"
| #define VERSION "3.4.2"
| /* end confdefs.h.  */
| 
| /* Does the compiler advertise conformance to C17 or earlier?
|    Although GCC 14 does not do that, even with -std=gnu23,
|    it is close enough, and defines __STDC_VERSION == 202000L.  */
| #if !defined __STDC_VERSION__ || __STDC_VERSION__ <= 201710L
| # error "Compiler advertises conformance to C17 or earlier"
| #endif
| 
| // Check alignas.
| char alignas (double) c23_aligned_as_double;
| char alignas (0) c23_no_special_alignment;
| extern char c23_aligned_as_int;
| char alignas (0) alignas (int) c23_aligned_as_int;
| 
| // Check alignof.
| enum
| {
|   c23_int_alignment = alignof (int),
|   c23_int_array_alignment = alignof (int[100]),
|   c23_char_alignment = alignof (char)
| };
| static_assert (0 < -alignof (int), "alignof is signed");
| 
| int function_with_unnamed_parameter (int) { return 0; }
| 
| void c23_noreturn ();
| 
| /* Test parsing of string and char UTF-8 literals (including hex escapes).
|    The parens pacify GCC 15.  */
| bool use_u8 = (!sizeof u8"\xFF") == (!u8'x');
| 
| bool check_that_bool_works = true | false | !nullptr;
| #if !true
| # error "true does not work in #if"
| #endif
| #if false
| #elifdef __STDC_VERSION__
| #else
| # error "#elifdef does not work"
| #endif
| 
| #ifndef __has_c_attribute
| # error "__has_c_attribute not defined"
| #endif
| 
| #ifndef __has_include
| # error "__has_include not defined"
| #endif
| 
| #define LPAREN() (
| #define FORTY_TWO(x) 42
| #define VA_OPT_TEST(r, x, ...) __VA_OPT__ (FORTY_TWO r x))
| static_assert (VA_OPT_TEST (LPAREN (), 0, <:-) == 42);
| 
| static_assert (0b101010 == 42);
| static_assert (0B101010 == 42);
| static_assert (0xDEAD'BEEF == 3'735'928'559);
| static_assert (0.500'000'000 == 0.5);
| 
| enum unsignedish : unsigned int { uione = 1 };
| static_assert (0 < -uione);
| 
| #include <stddef.h>
| constexpr nullptr_t null_pointer = nullptr;
| 
| static typeof (1 + 1L) two () { return 2; }
| static long int three () { return 3; }
| 
| 
| int
| main (int, char **)
| {
|   int ok = 0;
|   
|   {
|     label_before_declaration:
|       int arr[10] = {};
|       if (arr[0])
|         goto label_before_declaration;
|       if (!arr[0])
|         goto label_at_end_of_block;
|     label_at_end_of_block:
|   }
|   ok |= !null_pointer;
|   ok |= two != three;
| 
|   return ok;
| }
| 
configure:5210: result: unsupported
configure:5230: checking for /Users/masterschool/.buildozer/android/platform/android-ndk-r25b/toolchains/llvm/prebuilt/darwin-x86_64/bin/clang -target aarch64-linux-android21 -fomit-frame-pointer -march=armv8-a -fPIC option to enable C11 features
configure:5245: /Users/masterschool/.buildozer/android/platform/android-ndk-r25b/toolchains/llvm/prebuilt/darwin-x86_64/bin/clang -target aarch64-linux-android21 -fomit-frame-pointer -march=armv8-a -fPIC  -c -target aarch64-linux-android21 -fomit-frame-pointer -march=armv8-a -fPIC -DANDROID -I/Users/masterschool/.buildozer/android/platform/android-ndk-r25b/toolchains/llvm/prebuilt/darwin-x86_64/sysroot/usr/include -I/Users/masterschool/Desktop/New_Project_Ethiopian_2026/ethiopian_coffee_game/.buildozer/android/platform/build-arm64-v8a_armeabi-v7a/build/python-installs/coffeegame/arm64-v8a/include/python3.1 conftest.c >&5
configure:5245: $? = 0
configure:5264: result: none needed
configure:5388: checking whether /Users/masterschool/.buildozer/android/platform/android-ndk-r25b/toolchains/llvm/prebuilt/darwin-x86_64/bin/clang -target aarch64-linux-android21 -fomit-frame-pointer -march=armv8-a -fPIC understands -c and -o together
configure:5411: /Users/masterschool/.buildozer/android/platform/android-ndk-r25b/toolchains/llvm/prebuilt/darwin-x86_64/bin/clang -target aarch64-linux-android21 -fomit-frame-pointer -march=armv8-a -fPIC -c conftest.c -o conftest2.o
configure:5414: $? = 0
configure:5411: /Users/masterschool/.buildozer/android/platform/android-ndk-r25b/toolchains/llvm/prebuilt/darwin-x86_64/bin/clang -target aarch64-linux-android21 -fomit-frame-pointer -march=armv8-a -fPIC -c conftest.c -o conftest2.o
configure:5414: $? = 0
configure:5430: result: yes
configure:5450: checking whether make -j8 supports the include directive
configure:5465: make -j8 -f confmf.GNU && cat confinc.out
this is the am__doit target
configure:5468: $? = 0
configure:5487: result: yes (GNU style)
configure:5513: checking dependency style of /Users/masterschool/.buildozer/android/platform/android-ndk-r25b/toolchains/llvm/prebuilt/darwin-x86_64/bin/clang -target aarch64-linux-android21 -fomit-frame-pointer -march=armv8-a -fPIC
configure:5626: result: gcc3
configure:5765: checking for C++ compiler version
configure:5774: /Users/masterschool/.buildozer/android/platform/android-ndk-r25b/toolchains/llvm/prebuilt/darwin-x86_64/bin/clang++ -target aarch64-linux-android21 -fomit-frame-pointer -march=armv8-a -fPIC --version >&5
Android (8490178, based on r450784d) clang version 14.0.6 (https://android.googlesource.com/toolchain/llvm-project 4c603efb0cca074e9238af8b4106c30add4418f6)
Target: aarch64-unknown-linux-android21
Thread model: posix
InstalledDir: /Users/masterschool/.buildozer/android/platform/android-ndk-r25b/toolchains/llvm/prebuilt/darwin-x86_64/bin
configure:5785: $? = 0
configure:5774: /Users/masterschool/.buildozer/android/platform/android-ndk-r25b/toolchains/llvm/prebuilt/darwin-x86_64/bin/clang++ -target aarch64-linux-android21 -fomit-frame-pointer -march=armv8-a -fPIC -v >&5
Android (8490178, based on r450784d) clang version 14.0.6 (https://android.googlesource.com/toolchain/llvm-project 4c603efb0cca074e9238af8b4106c30add4418f6)
Target: aarch64-unknown-linux-android21
Thread model: posix
InstalledDir: /Users/masterschool/.buildozer/android/platform/android-ndk-r25b/toolchains/llvm/prebuilt/darwin-x86_64/bin
clang-14: warning: argument unused during compilation: '-fomit-frame-pointer' [-Wunused-command-line-argument]
clang-14: warning: argument unused during compilation: '-fPIC' [-Wunused-command-line-argument]
configure:5785: $? = 0
configure:5774: /Users/masterschool/.buildozer/android/platform/android-ndk-r25b/toolchains/llvm/prebuilt/darwin-x86_64/bin/clang++ -target aarch64-linux-android21 -fomit-frame-pointer -march=armv8-a -fPIC -V >&5
clang-14: error: argument to '-V' is missing (expected 1 value)
clang-14: error: no input files
configure:5785: $? = 1
configure:5774: /Users/masterschool/.buildozer/android/platform/android-ndk-r25b/toolchains/llvm/prebuilt/darwin-x86_64/bin/clang++ -target aarch64-linux-android21 -fomit-frame-pointer -march=armv8-a -fPIC -qversion >&5
clang-14: error: unknown argument '-qversion'; did you mean '--version'?
clang-14: error: no input files
configure:5785: $? = 1
configure:5789: checking whether the compiler supports GNU C++
configure:5809: /Users/masterschool/.buildozer/android/platform/android-ndk-r25b/toolchains/llvm/prebuilt/darwin-x86_64/bin/clang++ -target aarch64-linux-android21 -fomit-frame-pointer -march=armv8-a -fPIC -c -target aarch64-linux-android21 -fomit-frame-pointer -march=armv8-a -fPIC -DANDROID -I/Users/masterschool/.buildozer/android/platform/android-ndk-r25b/toolchains/llvm/prebuilt/darwin-x86_64/sysroot/usr/include -I/Users/masterschool/Desktop/New_Project_Ethiopian_2026/ethiopian_coffee_game/.buildozer/android/platform/build-arm64-v8a_armeabi-v7a/build/python-installs/coffeegame/arm64-v8a/include/python3.1 conftest.cpp >&5
configure:5809: $? = 0
configure:5821: result: yes
configure:5832: checking whether /Users/masterschool/.buildozer/android/platform/android-ndk-r25b/toolchains/llvm/prebuilt/darwin-x86_64/bin/clang++ -target aarch64-linux-android21 -fomit-frame-pointer -march=armv8-a -fPIC accepts -g
configure:5853: /Users/masterschool/.buildozer/android/platform/android-ndk-r25b/toolchains/llvm/prebuilt/darwin-x86_64/bin/clang++ -target aarch64-linux-android21 -fomit-frame-pointer -march=armv8-a -fPIC -c -g -DANDROID -I/Users/masterschool/.buildozer/android/platform/android-ndk-r25b/toolchains/llvm/prebuilt/darwin-x86_64/sysroot/usr/include -I/Users/masterschool/Desktop/New_Project_Ethiopian_2026/ethiopian_coffee_game/.buildozer/android/platform/build-arm64-v8a_armeabi-v7a/build/python-installs/coffeegame/arm64-v8a/include/python3.1 conftest.cpp >&5
configure:5853: $? = 0
configure:5900: result: yes
configure:5925: checking dependency style of /Users/masterschool/.buildozer/android/platform/android-ndk-r25b/toolchains/llvm/prebuilt/darwin-x86_64/bin/clang++ -target aarch64-linux-android21 -fomit-frame-pointer -march=armv8-a -fPIC
configure:6038: result: gcc3
configure:6068: checking dependency style of /Users/masterschool/.buildozer/android/platform/android-ndk-r25b/toolchains/llvm/prebuilt/darwin-x86_64/bin/clang -target aarch64-linux-android21 -fomit-frame-pointer -march=armv8-a -fPIC
configure:6179: result: gcc3
configure:6242: checking how to print strings
configure:6269: result: printf
configure:6290: checking for a sed that does not truncate output
configure:6362: result: /usr/bin/sed
configure:6380: checking for grep that handles long lines and -e
configure:6446: result: /usr/bin/grep
configure:6451: checking for egrep
configure:6521: result: /usr/bin/grep -E
configure:6528: checking for fgrep
configure:6598: result: /usr/bin/grep -F
configure:6635: checking for ld used by /Users/masterschool/.buildozer/android/platform/android-ndk-r25b/toolchains/llvm/prebuilt/darwin-x86_64/bin/clang -target aarch64-linux-android21 -fomit-frame-pointer -march=armv8-a -fPIC
configure:6704: result: /Users/masterschool/.buildozer/android/platform/android-ndk-r25b/toolchains/llvm/prebuilt/darwin-x86_64/bin/ld
configure:6711: checking if the linker (/Users/masterschool/.buildozer/android/platform/android-ndk-r25b/toolchains/llvm/prebuilt/darwin-x86_64/bin/ld) is GNU ld
configure:6728: result: yes
configure:6740: checking for BSD- or MS-compatible name lister (nm)
configure:6796: result: no
configure:6810: checking for aarch64-linux-android-dumpbin
configure:6846: result: no
configure:6810: checking for aarch64-linux-android-link
configure:6846: result: no
configure:6860: checking for dumpbin
configure:6896: result: no
configure:6860: checking for link
configure:6881: found /bin/link
configure:6893: result: link -dump
configure:6909: WARNING: using cross tools not prefixed with host triplet
configure:6938: checking the name lister (nm) interface
configure:6946: /Users/masterschool/.buildozer/android/platform/android-ndk-r25b/toolchains/llvm/prebuilt/darwin-x86_64/bin/clang -target aarch64-linux-android21 -fomit-frame-pointer -march=armv8-a -fPIC -c -target aarch64-linux-android21 -fomit-frame-pointer -march=armv8-a -fPIC -DANDROID -I/Users/masterschool/.buildozer/android/platform/android-ndk-r25b/toolchains/llvm/prebuilt/darwin-x86_64/sysroot/usr/include -I/Users/masterschool/Desktop/New_Project_Ethiopian_2026/ethiopian_coffee_game/.buildozer/android/platform/build-arm64-v8a_armeabi-v7a/build/python-installs/coffeegame/arm64-v8a/include/python3.1 conftest.c >&5
configure:6949: nm "conftest.o"
configure:6952: output
0000000000000000 B some_variable
configure:6960: result: BSD nm
configure:6963: checking whether ln -s works
configure:6967: result: yes
configure:6975: checking the maximum length of command line arguments
configure:7108: result: 786432
configure:7156: checking how to convert aarch64-apple-darwin22.6.0 file names to aarch64-unknown-linux-android format
configure:7198: result: func_convert_file_noop
configure:7205: checking how to convert aarch64-apple-darwin22.6.0 file names to toolchain format
configure:7227: result: func_convert_file_noop
configure:7234: checking for /Users/masterschool/.buildozer/android/platform/android-ndk-r25b/toolchains/llvm/prebuilt/darwin-x86_64/bin/ld option to reload object files
configure:7243: result: -r
configure:7276: checking for file
configure:7297: found /usr/bin/file
configure:7310: result: file
configure:7327: checking for aarch64-linux-android-objdump
configure:7363: result: no
configure:7373: checking for objdump
configure:7394: found /usr/bin/objdump
configure:7406: result: objdump
configure:7438: checking how to recognize dependent libraries
configure:7647: result: pass_all
configure:7692: checking for aarch64-linux-android-dlltool
configure:7728: result: no
configure:7738: checking for dlltool
configure:7774: result: no
configure:7804: checking how to associate runtime and link libraries
configure:7833: result: printf %s\n
configure:7848: checking for aarch64-linux-android-ranlib
configure:7881: result: /Users/masterschool/.buildozer/android/platform/android-ndk-r25b/toolchains/llvm/prebuilt/darwin-x86_64/bin/llvm-ranlib
configure:7954: checking for aarch64-linux-android-ar
configure:7987: result: /Users/masterschool/.buildozer/android/platform/android-ndk-r25b/toolchains/llvm/prebuilt/darwin-x86_64/bin/llvm-ar
configure:8090: checking for archiver @FILE support
configure:8108: /Users/masterschool/.buildozer/android/platform/android-ndk-r25b/toolchains/llvm/prebuilt/darwin-x86_64/bin/clang -target aarch64-linux-android21 -fomit-frame-pointer -march=armv8-a -fPIC -c -target aarch64-linux-android21 -fomit-frame-pointer -march=armv8-a -fPIC -DANDROID -I/Users/masterschool/.buildozer/android/platform/android-ndk-r25b/toolchains/llvm/prebuilt/darwin-x86_64/sysroot/usr/include -I/Users/masterschool/Desktop/New_Project_Ethiopian_2026/ethiopian_coffee_game/.buildozer/android/platform/build-arm64-v8a_armeabi-v7a/build/python-installs/coffeegame/arm64-v8a/include/python3.1 conftest.c >&5
configure:8108: $? = 0
configure:8112: /Users/masterschool/.buildozer/android/platform/android-ndk-r25b/toolchains/llvm/prebuilt/darwin-x86_64/bin/llvm-ar cr libconftest.a @conftest.lst >&5
configure:8115: $? = 0
configure:8120: /Users/masterschool/.buildozer/android/platform/android-ndk-r25b/toolchains/llvm/prebuilt/darwin-x86_64/bin/llvm-ar cr libconftest.a @conftest.lst >&5
/Users/masterschool/.buildozer/android/platform/android-ndk-r25b/toolchains/llvm/prebuilt/darwin-x86_64/bin/llvm-ar: error: conftest.o: No such file or directory
configure:8123: $? = 1
configure:8136: result: @
configure:8154: checking for aarch64-linux-android-strip
configure:8187: result: /Users/masterschool/.buildozer/android/platform/android-ndk-r25b/toolchains/llvm/prebuilt/darwin-x86_64/bin/llvm-strip --strip-unneeded
configure:8336: checking command to parse nm output from /Users/masterschool/.buildozer/android/platform/android-ndk-r25b/toolchains/llvm/prebuilt/darwin-x86_64/bin/clang -target aarch64-linux-android21 -fomit-frame-pointer -march=armv8-a -fPIC object
configure:8490: /Users/masterschool/.buildozer/android/platform/android-ndk-r25b/toolchains/llvm/prebuilt/darwin-x86_64/bin/clang -target aarch64-linux-android21 -fomit-frame-pointer -march=armv8-a -fPIC -c -target aarch64-linux-android21 -fomit-frame-pointer -march=armv8-a -fPIC -DANDROID -I/Users/masterschool/.buildozer/android/platform/android-ndk-r25b/toolchains/llvm/prebuilt/darwin-x86_64/sysroot/usr/include -I/Users/masterschool/Desktop/New_Project_Ethiopian_2026/ethiopian_coffee_game/.buildozer/android/platform/build-arm64-v8a_armeabi-v7a/build/python-installs/coffeegame/arm64-v8a/include/python3.1 conftest.c >&5
configure:8493: $? = 0
configure:8497: nm conftest.o | /usr/bin/sed -n -e 's/^.*[	 ]\([ABCDGIRSTW][ABCDGIRSTW]*\)[	 ][	 ]*\([_A-Za-z][_A-Za-z0-9]*\)$/\1 \2 \2/p' | /usr/bin/sed '/ __gnu_lto/d' > conftest.nm
configure:8563: /Users/masterschool/.buildozer/android/platform/android-ndk-r25b/toolchains/llvm/prebuilt/darwin-x86_64/bin/clang -target aarch64-linux-android21 -fomit-frame-pointer -march=armv8-a -fPIC -o conftest -target aarch64-linux-android21 -fomit-frame-pointer -march=armv8-a -fPIC -DANDROID -I/Users/masterschool/.buildozer/android/platform/android-ndk-r25b/toolchains/llvm/prebuilt/darwin-x86_64/sysroot/usr/include -I/Users/masterschool/Desktop/New_Project_Ethiopian_2026/ethiopian_coffee_game/.buildozer/android/platform/build-arm64-v8a_armeabi-v7a/build/python-installs/coffeegame/arm64-v8a/include/python3.1   -L/Users/masterschool/Desktop/New_Project_Ethiopian_2026/ethiopian_coffee_game/.buildozer/android/platform/build-arm64-v8a_armeabi-v7a/build/libs_collections/coffeegame/arm64-v8a conftest.c conftstm.o >&5
configure:8566: $? = 0
configure:8605: result: ok
configure:8652: checking for sysroot
configure:8686: result: no
configure:8693: checking for a working dd
configure:8738: result: /bin/dd
configure:8742: checking how to truncate binary pipes
configure:8759: result: /bin/dd bs=4096 count=1
configure:9053: checking for aarch64-linux-android-mt
configure:9089: result: no
configure:9099: checking for mt
configure:9135: result: no
configure:9155: checking if : is a manifest tool
configure:9162: : '-?'
configure:9171: result: no
configure:9968: checking for stdio.h
configure:9968: /Users/masterschool/.buildozer/android/platform/android-ndk-r25b/toolchains/llvm/prebuilt/darwin-x86_64/bin/clang -target aarch64-linux-android21 -fomit-frame-pointer -march=armv8-a -fPIC -c -target aarch64-linux-android21 -fomit-frame-pointer -march=armv8-a -fPIC -DANDROID -I/Users/masterschool/.buildozer/android/platform/android-ndk-r25b/toolchains/llvm/prebuilt/darwin-x86_64/sysroot/usr/include -I/Users/masterschool/Desktop/New_Project_Ethiopian_2026/ethiopian_coffee_game/.buildozer/android/platform/build-arm64-v8a_armeabi-v7a/build/python-installs/coffeegame/arm64-v8a/include/python3.1 conftest.c >&5
configure:9968: $? = 0
configure:9968: result: yes
configure:9968: checking for stdlib.h
configure:9968: /Users/masterschool/.buildozer/android/platform/android-ndk-r25b/toolchains/llvm/prebuilt/darwin-x86_64/bin/clang -target aarch64-linux-android21 -fomit-frame-pointer -march=armv8-a -fPIC -c -target aarch64-linux-android21 -fomit-frame-pointer -march=armv8-a -fPIC -DANDROID -I/Users/masterschool/.buildozer/android/platform/android-ndk-r25b/toolchains/llvm/prebuilt/darwin-x86_64/sysroot/usr/include -I/Users/masterschool/Desktop/New_Project_Ethiopian_2026/ethiopian_coffee_game/.buildozer/android/platform/build-arm64-v8a_armeabi-v7a/build/python-installs/coffeegame/arm64-v8a/include/python3.1 conftest.c >&5
configure:9968: $? = 0
configure:9968: result: yes
configure:9968: checking for string.h
configure:9968: /Users/masterschool/.buildozer/android/platform/android-ndk-r25b/toolchains/llvm/prebuilt/darwin-x86_64/bin/clang -target aarch64-linux-android21 -fomit-frame-pointer -march=armv8-a -fPIC -c -target aarch64-linux-android21 -fomit-frame-pointer -march=armv8-a -fPIC -DANDROID -I/Users/masterschool/.buildozer/android/platform/android-ndk-r25b/toolchains/llvm/prebuilt/darwin-x86_64/sysroot/usr/include -I/Users/masterschool/Desktop/New_Project_Ethiopian_2026/ethiopian_coffee_game/.buildozer/android/platform/build-arm64-v8a_armeabi-v7a/build/python-installs/coffeegame/arm64-v8a/include/python3.1 conftest.c >&5
configure:9968: $? = 0
configure:9968: result: yes
configure:9968: checking for inttypes.h
configure:9968: /Users/masterschool/.buildozer/android/platform/android-ndk-r25b/toolchains/llvm/prebuilt/darwin-x86_64/bin/clang -target aarch64-linux-android21 -fomit-frame-pointer -march=armv8-a -fPIC -c -target aarch64-linux-android21 -fomit-frame-pointer -march=armv8-a -fPIC -DANDROID -I/Users/masterschool/.buildozer/android/platform/android-ndk-r25b/toolchains/llvm/prebuilt/darwin-x86_64/sysroot/usr/include -I/Users/masterschool/Desktop/New_Project_Ethiopian_2026/ethiopian_coffee_game/.buildozer/android/platform/build-arm64-v8a_armeabi-v7a/build/python-installs/coffeegame/arm64-v8a/include/python3.1 conftest.c >&5
configure:9968: $? = 0
configure:9968: result: yes
configure:9968: checking for stdint.h
configure:9968: /Users/masterschool/.buildozer/android/platform/android-ndk-r25b/toolchains/llvm/prebuilt/darwin-x86_64/bin/clang -target aarch64-linux-android21 -fomit-frame-pointer -march=armv8-a -fPIC -c -target aarch64-linux-android21 -fomit-frame-pointer -march=armv8-a -fPIC -DANDROID -I/Users/masterschool/.buildozer/android/platform/android-ndk-r25b/toolchains/llvm/prebuilt/darwin-x86_64/sysroot/usr/include -I/Users/masterschool/Desktop/New_Project_Ethiopian_2026/ethiopian_coffee_game/.buildozer/android/platform/build-arm64-v8a_armeabi-v7a/build/python-installs/coffeegame/arm64-v8a/include/python3.1 conftest.c >&5
configure:9968: $? = 0
configure:9968: result: yes
configure:9968: checking for strings.h
configure:9968: /Users/masterschool/.buildozer/android/platform/android-ndk-r25b/toolchains/llvm/prebuilt/darwin-x86_64/bin/clang -target aarch64-linux-android21 -fomit-frame-pointer -march=armv8-a -fPIC -c -target aarch64-linux-android21 -fomit-frame-pointer -march=armv8-a -fPIC -DANDROID -I/Users/masterschool/.buildozer/android/platform/android-ndk-r25b/toolchains/llvm/prebuilt/darwin-x86_64/sysroot/usr/include -I/Users/masterschool/Desktop/New_Project_Ethiopian_2026/ethiopian_coffee_game/.buildozer/android/platform/build-arm64-v8a_armeabi-v7a/build/python-installs/coffeegame/arm64-v8a/include/python3.1 conftest.c >&5
configure:9968: $? = 0
configure:9968: result: yes
configure:9968: checking for sys/stat.h
configure:9968: /Users/masterschool/.buildozer/android/platform/android-ndk-r25b/toolchains/llvm/prebuilt/darwin-x86_64/bin/clang -target aarch64-linux-android21 -fomit-frame-pointer -march=armv8-a -fPIC -c -target aarch64-linux-android21 -fomit-frame-pointer -march=armv8-a -fPIC -DANDROID -I/Users/masterschool/.buildozer/android/platform/android-ndk-r25b/toolchains/llvm/prebuilt/darwin-x86_64/sysroot/usr/include -I/Users/masterschool/Desktop/New_Project_Ethiopian_2026/ethiopian_coffee_game/.buildozer/android/platform/build-arm64-v8a_armeabi-v7a/build/python-installs/coffeegame/arm64-v8a/include/python3.1 conftest.c >&5
configure:9968: $? = 0
configure:9968: result: yes
configure:9968: checking for sys/types.h
configure:9968: /Users/masterschool/.buildozer/android/platform/android-ndk-r25b/toolchains/llvm/prebuilt/darwin-x86_64/bin/clang -target aarch64-linux-android21 -fomit-frame-pointer -march=armv8-a -fPIC -c -target aarch64-linux-android21 -fomit-frame-pointer -march=armv8-a -fPIC -DANDROID -I/Users/masterschool/.buildozer/android/platform/android-ndk-r25b/toolchains/llvm/prebuilt/darwin-x86_64/sysroot/usr/include -I/Users/masterschool/Desktop/New_Project_Ethiopian_2026/ethiopian_coffee_game/.buildozer/android/platform/build-arm64-v8a_armeabi-v7a/build/python-installs/coffeegame/arm64-v8a/include/python3.1 conftest.c >&5
configure:9968: $? = 0
configure:9968: result: yes
configure:9968: checking for unistd.h
configure:9968: /Users/masterschool/.buildozer/android/platform/android-ndk-r25b/toolchains/llvm/prebuilt/darwin-x86_64/bin/clang -target aarch64-linux-android21 -fomit-frame-pointer -march=armv8-a -fPIC -c -target aarch64-linux-android21 -fomit-frame-pointer -march=armv8-a -fPIC -DANDROID -I/Users/masterschool/.buildozer/android/platform/android-ndk-r25b/toolchains/llvm/prebuilt/darwin-x86_64/sysroot/usr/include -I/Users/masterschool/Desktop/New_Project_Ethiopian_2026/ethiopian_coffee_game/.buildozer/android/platform/build-arm64-v8a_armeabi-v7a/build/python-installs/coffeegame/arm64-v8a/include/python3.1 conftest.c >&5
configure:9968: $? = 0
configure:9968: result: yes
configure:9993: checking for dlfcn.h
configure:9993: /Users/masterschool/.buildozer/android/platform/android-ndk-r25b/toolchains/llvm/prebuilt/darwin-x86_64/bin/clang -target aarch64-linux-android21 -fomit-frame-pointer -march=armv8-a -fPIC -c -target aarch64-linux-android21 -fomit-frame-pointer -march=armv8-a -fPIC -DANDROID -I/Users/masterschool/.buildozer/android/platform/android-ndk-r25b/toolchains/llvm/prebuilt/darwin-x86_64/sysroot/usr/include -I/Users/masterschool/Desktop/New_Project_Ethiopian_2026/ethiopian_coffee_game/.buildozer/android/platform/build-arm64-v8a_armeabi-v7a/build/python-installs/coffeegame/arm64-v8a/include/python3.1 conftest.c >&5
configure:9993: $? = 0
configure:9993: result: yes
configure:10307: checking for objdir
configure:10324: result: .libs
configure:10590: checking if /Users/masterschool/.buildozer/android/platform/android-ndk-r25b/toolchains/llvm/prebuilt/darwin-x86_64/bin/clang -target aarch64-linux-android21 -fomit-frame-pointer -march=armv8-a -fPIC supports -fno-rtti -fno-exceptions
configure:10609: /Users/masterschool/.buildozer/android/platform/android-ndk-r25b/toolchains/llvm/prebuilt/darwin-x86_64/bin/clang -target aarch64-linux-android21 -fomit-frame-pointer -march=armv8-a -fPIC -c -target aarch64-linux-android21 -fomit-frame-pointer -march=armv8-a -fPIC -DANDROID -I/Users/masterschool/.buildozer/android/platform/android-ndk-r25b/toolchains/llvm/prebuilt/darwin-x86_64/sysroot/usr/include -I/Users/masterschool/Desktop/New_Project_Ethiopian_2026/ethiopian_coffee_game/.buildozer/android/platform/build-arm64-v8a_armeabi-v7a/build/python-installs/coffeegame/arm64-v8a/include/python3.1 -fno-rtti -fno-exceptions conftest.c >&5
configure:10613: $? = 0
configure:10627: result: yes
configure:11000: checking for /Users/masterschool/.buildozer/android/platform/android-ndk-r25b/toolchains/llvm/prebuilt/darwin-x86_64/bin/clang -target aarch64-linux-android21 -fomit-frame-pointer -march=armv8-a -fPIC option to produce PIC
configure:11009: result: -fPIC -DPIC
configure:11017: checking if /Users/masterschool/.buildozer/android/platform/android-ndk-r25b/toolchains/llvm/prebuilt/darwin-x86_64/bin/clang -target aarch64-linux-android21 -fomit-frame-pointer -march=armv8-a -fPIC PIC flag -fPIC -DPIC works
configure:11036: /Users/masterschool/.buildozer/android/platform/android-ndk-r25b/toolchains/llvm/prebuilt/darwin-x86_64/bin/clang -target aarch64-linux-android21 -fomit-frame-pointer -march=armv8-a -fPIC -c -target aarch64-linux-android21 -fomit-frame-pointer -march=armv8-a -fPIC -DANDROID -I/Users/masterschool/.buildozer/android/platform/android-ndk-r25b/toolchains/llvm/prebuilt/darwin-x86_64/sysroot/usr/include -I/Users/masterschool/Desktop/New_Project_Ethiopian_2026/ethiopian_coffee_game/.buildozer/android/platform/build-arm64-v8a_armeabi-v7a/build/python-installs/coffeegame/arm64-v8a/include/python3.1 -fPIC -DPIC -DPIC conftest.c >&5
configure:11040: $? = 0
configure:11054: result: yes
configure:11083: checking if /Users/masterschool/.buildozer/android/platform/android-ndk-r25b/toolchains/llvm/prebuilt/darwin-x86_64/bin/clang -target aarch64-linux-android21 -fomit-frame-pointer -march=armv8-a -fPIC static flag -static works
configure:11113: result: yes
configure:11128: checking if /Users/masterschool/.buildozer/android/platform/android-ndk-r25b/toolchains/llvm/prebuilt/darwin-x86_64/bin/clang -target aarch64-linux-android21 -fomit-frame-pointer -march=armv8-a -fPIC supports -c -o file.o
configure:11150: /Users/masterschool/.buildozer/android/platform/android-ndk-r25b/toolchains/llvm/prebuilt/darwin-x86_64/bin/clang -target aarch64-linux-android21 -fomit-frame-pointer -march=armv8-a -fPIC -c -target aarch64-linux-android21 -fomit-frame-pointer -march=armv8-a -fPIC -DANDROID -I/Users/masterschool/.buildozer/android/platform/android-ndk-r25b/toolchains/llvm/prebuilt/darwin-x86_64/sysroot/usr/include -I/Users/masterschool/Desktop/New_Project_Ethiopian_2026/ethiopian_coffee_game/.buildozer/android/platform/build-arm64-v8a_armeabi-v7a/build/python-installs/coffeegame/arm64-v8a/include/python3.1 -o out/conftest2.o conftest.c >&5
configure:11154: $? = 0
configure:11177: result: yes
configure:11185: checking if /Users/masterschool/.buildozer/android/platform/android-ndk-r25b/toolchains/llvm/prebuilt/darwin-x86_64/bin/clang -target aarch64-linux-android21 -fomit-frame-pointer -march=armv8-a -fPIC supports -c -o file.o
configure:11234: result: yes
configure:11267: checking whether the /Users/masterschool/.buildozer/android/platform/android-ndk-r25b/toolchains/llvm/prebuilt/darwin-x86_64/bin/clang -target aarch64-linux-android21 -fomit-frame-pointer -march=armv8-a -fPIC linker (/Users/masterschool/.buildozer/android/platform/android-ndk-r25b/toolchains/llvm/prebuilt/darwin-x86_64/bin/ld) supports shared libraries
configure:12551: result: yes
configure:12588: checking whether -lc should be explicitly linked in
configure:12597: /Users/masterschool/.buildozer/android/platform/android-ndk-r25b/toolchains/llvm/prebuilt/darwin-x86_64/bin/clang -target aarch64-linux-android21 -fomit-frame-pointer -march=armv8-a -fPIC -c -target aarch64-linux-android21 -fomit-frame-pointer -march=armv8-a -fPIC -DANDROID -I/Users/masterschool/.buildozer/android/platform/android-ndk-r25b/toolchains/llvm/prebuilt/darwin-x86_64/sysroot/usr/include -I/Users/masterschool/Desktop/New_Project_Ethiopian_2026/ethiopian_coffee_game/.buildozer/android/platform/build-arm64-v8a_armeabi-v7a/build/python-installs/coffeegame/arm64-v8a/include/python3.1 conftest.c >&5
configure:12600: $? = 0
configure:12615: /Users/masterschool/.buildozer/android/platform/android-ndk-r25b/toolchains/llvm/prebuilt/darwin-x86_64/bin/clang -target aarch64-linux-android21 -fomit-frame-pointer -march=armv8-a -fPIC -shared  -fPIC -DPIC conftest.o  -v -Wl,-soname -Wl,conftest -o conftest 2\>\&1 \| /usr/bin/grep  -lc  \>/dev/null 2\>\&1
configure:12618: $? = 0
configure:12633: result: no
configure:12793: checking dynamic linker characteristics
configure:14177: result: Android linker
configure:14299: checking how to hardcode library paths into programs
configure:14324: result: immediate
configure:14924: checking whether stripping libraries is possible
configure:14933: result: yes
configure:14975: checking if libtool supports shared libraries
configure:14977: result: yes
configure:14980: checking whether to build shared libraries
configure:15005: result: yes
configure:15008: checking whether to build static libraries
configure:15012: result: yes
configure:15035: checking how to run the C++ preprocessor
configure:15057: /Users/masterschool/.buildozer/android/platform/android-ndk-r25b/toolchains/llvm/prebuilt/darwin-x86_64/bin/clang++ -target aarch64-linux-android21 -fomit-frame-pointer -march=armv8-a -fPIC -E -DANDROID -I/Users/masterschool/.buildozer/android/platform/android-ndk-r25b/toolchains/llvm/prebuilt/darwin-x86_64/sysroot/usr/include -I/Users/masterschool/Desktop/New_Project_Ethiopian_2026/ethiopian_coffee_game/.buildozer/android/platform/build-arm64-v8a_armeabi-v7a/build/python-installs/coffeegame/arm64-v8a/include/python3.1 conftest.cpp
configure:15057: $? = 0
configure:15073: /Users/masterschool/.buildozer/android/platform/android-ndk-r25b/toolchains/llvm/prebuilt/darwin-x86_64/bin/clang++ -target aarch64-linux-android21 -fomit-frame-pointer -march=armv8-a -fPIC -E -DANDROID -I/Users/masterschool/.buildozer/android/platform/android-ndk-r25b/toolchains/llvm/prebuilt/darwin-x86_64/sysroot/usr/include -I/Users/masterschool/Desktop/New_Project_Ethiopian_2026/ethiopian_coffee_game/.buildozer/android/platform/build-arm64-v8a_armeabi-v7a/build/python-installs/coffeegame/arm64-v8a/include/python3.1 conftest.cpp
conftest.cpp:23:10: fatal error: 'ac_nonexistent.h' file not found
#include <ac_nonexistent.h>
         ^~~~~~~~~~~~~~~~~~
1 error generated.
configure:15073: $? = 1
configure: failed program was:
| /* confdefs.h */
| #define PACKAGE_NAME "libffi"
| #define PACKAGE_TARNAME "libffi"
| #define PACKAGE_VERSION "3.4.2"
| #define PACKAGE_STRING "libffi 3.4.2"
| #define PACKAGE_BUGREPORT "http://github.com/libffi/libffi/issues"
| #define PACKAGE_URL ""
| #define PACKAGE "libffi"
| #define VERSION "3.4.2"
| #define HAVE_STDIO_H 1
| #define HAVE_STDLIB_H 1
| #define HAVE_STRING_H 1
| #define HAVE_INTTYPES_H 1
| #define HAVE_STDINT_H 1
| #define HAVE_STRINGS_H 1
| #define HAVE_SYS_STAT_H 1
| #define HAVE_SYS_TYPES_H 1
| #define HAVE_UNISTD_H 1
| #define STDC_HEADERS 1
| #define HAVE_DLFCN_H 1
| #define LT_OBJDIR ".libs/"
| /* end confdefs.h.  */
| #include <ac_nonexistent.h>
configure:15102: result: /Users/masterschool/.buildozer/android/platform/android-ndk-r25b/toolchains/llvm/prebuilt/darwin-x86_64/bin/clang++ -target aarch64-linux-android21 -fomit-frame-pointer -march=armv8-a -fPIC -E
configure:15116: /Users/masterschool/.buildozer/android/platform/android-ndk-r25b/toolchains/llvm/prebuilt/darwin-x86_64/bin/clang++ -target aarch64-linux-android21 -fomit-frame-pointer -march=armv8-a -fPIC -E -DANDROID -I/Users/masterschool/.buildozer/android/platform/android-ndk-r25b/toolchains/llvm/prebuilt/darwin-x86_64/sysroot/usr/include -I/Users/masterschool/Desktop/New_Project_Ethiopian_2026/ethiopian_coffee_game/.buildozer/android/platform/build-arm64-v8a_armeabi-v7a/build/python-installs/coffeegame/arm64-v8a/include/python3.1 conftest.cpp
configure:15116: $? = 0
configure:15132: /Users/masterschool/.buildozer/android/platform/android-ndk-r25b/toolchains/llvm/prebuilt/darwin-x86_64/bin/clang++ -target aarch64-linux-android21 -fomit-frame-pointer -march=armv8-a -fPIC -E -DANDROID -I/Users/masterschool/.buildozer/android/platform/android-ndk-r25b/toolchains/llvm/prebuilt/darwin-x86_64/sysroot/usr/include -I/Users/masterschool/Desktop/New_Project_Ethiopian_2026/ethiopian_coffee_game/.buildozer/android/platform/build-arm64-v8a_armeabi-v7a/build/python-installs/coffeegame/arm64-v8a/include/python3.1 conftest.cpp
conftest.cpp:23:10: fatal error: 'ac_nonexistent.h' file not found
#include <ac_nonexistent.h>
         ^~~~~~~~~~~~~~~~~~
1 error generated.
configure:15132: $? = 1
configure: failed program was:
| /* confdefs.h */
| #define PACKAGE_NAME "libffi"
| #define PACKAGE_TARNAME "libffi"
| #define PACKAGE_VERSION "3.4.2"
| #define PACKAGE_STRING "libffi 3.4.2"
| #define PACKAGE_BUGREPORT "http://github.com/libffi/libffi/issues"
| #define PACKAGE_URL ""
| #define PACKAGE "libffi"
| #define VERSION "3.4.2"
| #define HAVE_STDIO_H 1
| #define HAVE_STDLIB_H 1
| #define HAVE_STRING_H 1
| #define HAVE_INTTYPES_H 1
| #define HAVE_STDINT_H 1
| #define HAVE_STRINGS_H 1
| #define HAVE_SYS_STAT_H 1
| #define HAVE_SYS_TYPES_H 1
| #define HAVE_UNISTD_H 1
| #define STDC_HEADERS 1
| #define HAVE_DLFCN_H 1
| #define LT_OBJDIR ".libs/"
| /* end confdefs.h.  */
| #include <ac_nonexistent.h>
configure:15300: checking for ld used by /Users/masterschool/.buildozer/android/platform/android-ndk-r25b/toolchains/llvm/prebuilt/darwin-x86_64/bin/clang++ -target aarch64-linux-android21 -fomit-frame-pointer -march=armv8-a -fPIC
configure:15369: result: /Users/masterschool/.buildozer/android/platform/android-ndk-r25b/toolchains/llvm/prebuilt/darwin-x86_64/bin/ld
configure:15376: checking if the linker (/Users/masterschool/.buildozer/android/platform/android-ndk-r25b/toolchains/llvm/prebuilt/darwin-x86_64/bin/ld) is GNU ld
configure:15393: result: yes
configure:15447: checking whether the /Users/masterschool/.buildozer/android/platform/android-ndk-r25b/toolchains/llvm/prebuilt/darwin-x86_64/bin/clang++ -target aarch64-linux-android21 -fomit-frame-pointer -march=armv8-a -fPIC linker (/Users/masterschool/.buildozer/android/platform/android-ndk-r25b/toolchains/llvm/prebuilt/darwin-x86_64/bin/ld) supports shared libraries
configure:16535: result: yes
configure:16571: /Users/masterschool/.buildozer/android/platform/android-ndk-r25b/toolchains/llvm/prebuilt/darwin-x86_64/bin/clang++ -target aarch64-linux-android21 -fomit-frame-pointer -march=armv8-a -fPIC -c -target aarch64-linux-android21 -fomit-frame-pointer -march=armv8-a -fPIC -DANDROID -I/Users/masterschool/.buildozer/android/platform/android-ndk-r25b/toolchains/llvm/prebuilt/darwin-x86_64/sysroot/usr/include -I/Users/masterschool/Desktop/New_Project_Ethiopian_2026/ethiopian_coffee_game/.buildozer/android/platform/build-arm64-v8a_armeabi-v7a/build/python-installs/coffeegame/arm64-v8a/include/python3.1 conftest.cpp >&5
configure:16574: $? = 0
configure:17060: checking for /Users/masterschool/.buildozer/android/platform/android-ndk-r25b/toolchains/llvm/prebuilt/darwin-x86_64/bin/clang++ -target aarch64-linux-android21 -fomit-frame-pointer -march=armv8-a -fPIC option to produce PIC
configure:17069: result: -fPIC -DPIC
configure:17077: checking if /Users/masterschool/.buildozer/android/platform/android-ndk-r25b/toolchains/llvm/prebuilt/darwin-x86_64/bin/clang++ -target aarch64-linux-android21 -fomit-frame-pointer -march=armv8-a -fPIC PIC flag -fPIC -DPIC works
configure:17096: /Users/masterschool/.buildozer/android/platform/android-ndk-r25b/toolchains/llvm/prebuilt/darwin-x86_64/bin/clang++ -target aarch64-linux-android21 -fomit-frame-pointer -march=armv8-a -fPIC -c -target aarch64-linux-android21 -fomit-frame-pointer -march=armv8-a -fPIC -DANDROID -I/Users/masterschool/.buildozer/android/platform/android-ndk-r25b/toolchains/llvm/prebuilt/darwin-x86_64/sysroot/usr/include -I/Users/masterschool/Desktop/New_Project_Ethiopian_2026/ethiopian_coffee_game/.buildozer/android/platform/build-arm64-v8a_armeabi-v7a/build/python-installs/coffeegame/arm64-v8a/include/python3.1 -fPIC -DPIC -DPIC conftest.cpp >&5
configure:17100: $? = 0
configure:17114: result: yes
configure:17137: checking if /Users/masterschool/.buildozer/android/platform/android-ndk-r25b/toolchains/llvm/prebuilt/darwin-x86_64/bin/clang++ -target aarch64-linux-android21 -fomit-frame-pointer -march=armv8-a -fPIC static flag -static works
configure:17167: result: yes
configure:17179: checking if /Users/masterschool/.buildozer/android/platform/android-ndk-r25b/toolchains/llvm/prebuilt/darwin-x86_64/bin/clang++ -target aarch64-linux-android21 -fomit-frame-pointer -march=armv8-a -fPIC supports -c -o file.o
configure:17201: /Users/masterschool/.buildozer/android/platform/android-ndk-r25b/toolchains/llvm/prebuilt/darwin-x86_64/bin/clang++ -target aarch64-linux-android21 -fomit-frame-pointer -march=armv8-a -fPIC -c -target aarch64-linux-android21 -fomit-frame-pointer -march=armv8-a -fPIC -DANDROID -I/Users/masterschool/.buildozer/android/platform/android-ndk-r25b/toolchains/llvm/prebuilt/darwin-x86_64/sysroot/usr/include -I/Users/masterschool/Desktop/New_Project_Ethiopian_2026/ethiopian_coffee_game/.buildozer/android/platform/build-arm64-v8a_armeabi-v7a/build/python-installs/coffeegame/arm64-v8a/include/python3.1 -o out/conftest2.o conftest.cpp >&5
configure:17205: $? = 0
configure:17228: result: yes
configure:17233: checking if /Users/masterschool/.buildozer/android/platform/android-ndk-r25b/toolchains/llvm/prebuilt/darwin-x86_64/bin/clang++ -target aarch64-linux-android21 -fomit-frame-pointer -march=armv8-a -fPIC supports -c -o file.o
configure:17282: result: yes
configure:17312: checking whether the /Users/masterschool/.buildozer/android/platform/android-ndk-r25b/toolchains/llvm/prebuilt/darwin-x86_64/bin/clang++ -target aarch64-linux-android21 -fomit-frame-pointer -march=armv8-a -fPIC linker (/Users/masterschool/.buildozer/android/platform/android-ndk-r25b/toolchains/llvm/prebuilt/darwin-x86_64/bin/ld) supports shared libraries
configure:17352: result: yes
configure:17495: checking dynamic linker characteristics
configure:18789: result: Android linker
configure:18854: checking how to hardcode library paths into programs
configure:18879: result: immediate
configure:18945: checking for aarch64-linux-android-readelf
configure:18978: result: /Users/masterschool/.buildozer/android/platform/android-ndk-r25b/toolchains/llvm/prebuilt/darwin-x86_64/bin/llvm-readelf
configure:19052: checking size of size_t
configure:19058: /Users/masterschool/.buildozer/android/platform/android-ndk-r25b/toolchains/llvm/prebuilt/darwin-x86_64/bin/clang -target aarch64-linux-android21 -fomit-frame-pointer -march=armv8-a -fPIC -c -target aarch64-linux-android21 -fomit-frame-pointer -march=armv8-a -fPIC -DANDROID -I/Users/masterschool/.buildozer/android/platform/android-ndk-r25b/toolchains/llvm/prebuilt/darwin-x86_64/sysroot/usr/include -I/Users/masterschool/Desktop/New_Project_Ethiopian_2026/ethiopian_coffee_game/.buildozer/android/platform/build-arm64-v8a_armeabi-v7a/build/python-installs/coffeegame/arm64-v8a/include/python3.1 conftest.c >&5
configure:19058: $? = 0
configure:19058: /Users/masterschool/.buildozer/android/platform/android-ndk-r25b/toolchains/llvm/prebuilt/darwin-x86_64/bin/clang -target aarch64-linux-android21 -fomit-frame-pointer -march=armv8-a -fPIC -c -target aarch64-linux-android21 -fomit-frame-pointer -march=armv8-a -fPIC -DANDROID -I/Users/masterschool/.buildozer/android/platform/android-ndk-r25b/toolchains/llvm/prebuilt/darwin-x86_64/sysroot/usr/include -I/Users/masterschool/Desktop/New_Project_Ethiopian_2026/ethiopian_coffee_game/.buildozer/android/platform/build-arm64-v8a_armeabi-v7a/build/python-installs/coffeegame/arm64-v8a/include/python3.1 conftest.c >&5
conftest.c:54:24: error: 'test_array' declared as an array with a negative size
static int test_array [1 - 2 * !(((long int) (sizeof (size_t))) <= 0)];
                       ^~~~~~~~~~~~~~~~~~~~~~~~~~~~~~~~~~~~~~~~~~~~~~
1 error generated.
configure:19058: $? = 1
configure: failed program was:
| /* confdefs.h */
| #define PACKAGE_NAME "libffi"
| #define PACKAGE_TARNAME "libffi"
| #define PACKAGE_VERSION "3.4.2"
| #define PACKAGE_STRING "libffi 3.4.2"
| #define PACKAGE_BUGREPORT "http://github.com/libffi/libffi/issues"
| #define PACKAGE_URL ""
| #define PACKAGE "libffi"
| #define VERSION "3.4.2"
| #define HAVE_STDIO_H 1
| #define HAVE_STDLIB_H 1
| #define HAVE_STRING_H 1
| #define HAVE_INTTYPES_H 1
| #define HAVE_STDINT_H 1
| #define HAVE_STRINGS_H 1
| #define HAVE_SYS_STAT_H 1
| #define HAVE_SYS_TYPES_H 1
| #define HAVE_UNISTD_H 1
| #define STDC_HEADERS 1
| #define HAVE_DLFCN_H 1
| #define LT_OBJDIR ".libs/"
| /* end confdefs.h.  */
| #include <stddef.h>
| #ifdef HAVE_STDIO_H
| # include <stdio.h>
| #endif
| #ifdef HAVE_STDLIB_H
| # include <stdlib.h>
| #endif
| #ifdef HAVE_STRING_H
| # include <string.h>
| #endif
| #ifdef HAVE_INTTYPES_H
| # include <inttypes.h>
| #endif
| #ifdef HAVE_STDINT_H
| # include <stdint.h>
| #endif
| #ifdef HAVE_STRINGS_H
| # include <strings.h>
| #endif
| #ifdef HAVE_SYS_TYPES_H
| # include <sys/types.h>
| #endif
| #ifdef HAVE_SYS_STAT_H
| # include <sys/stat.h>
| #endif
| #ifdef HAVE_UNISTD_H
| # include <unistd.h>
| #endif
| int
| main (void)
| {
| static int test_array [1 - 2 * !(((long int) (sizeof (size_t))) <= 0)];
| test_array [0] = 0;
| return test_array [0];
| 
|   ;
|   return 0;
| }
configure:19058: /Users/masterschool/.buildozer/android/platform/android-ndk-r25b/toolchains/llvm/prebuilt/darwin-x86_64/bin/clang -target aarch64-linux-android21 -fomit-frame-pointer -march=armv8-a -fPIC -c -target aarch64-linux-android21 -fomit-frame-pointer -march=armv8-a -fPIC -DANDROID -I/Users/masterschool/.buildozer/android/platform/android-ndk-r25b/toolchains/llvm/prebuilt/darwin-x86_64/sysroot/usr/include -I/Users/masterschool/Desktop/New_Project_Ethiopian_2026/ethiopian_coffee_game/.buildozer/android/platform/build-arm64-v8a_armeabi-v7a/build/python-installs/coffeegame/arm64-v8a/include/python3.1 conftest.c >&5
conftest.c:54:24: error: 'test_array' declared as an array with a negative size
static int test_array [1 - 2 * !(((long int) (sizeof (size_t))) <= 1)];
                       ^~~~~~~~~~~~~~~~~~~~~~~~~~~~~~~~~~~~~~~~~~~~~~
1 error generated.
configure:19058: $? = 1
configure: failed program was:
| /* confdefs.h */
| #define PACKAGE_NAME "libffi"
| #define PACKAGE_TARNAME "libffi"
| #define PACKAGE_VERSION "3.4.2"
| #define PACKAGE_STRING "libffi 3.4.2"
| #define PACKAGE_BUGREPORT "http://github.com/libffi/libffi/issues"
| #define PACKAGE_URL ""
| #define PACKAGE "libffi"
| #define VERSION "3.4.2"
| #define HAVE_STDIO_H 1
| #define HAVE_STDLIB_H 1
| #define HAVE_STRING_H 1
| #define HAVE_INTTYPES_H 1
| #define HAVE_STDINT_H 1
| #define HAVE_STRINGS_H 1
| #define HAVE_SYS_STAT_H 1
| #define HAVE_SYS_TYPES_H 1
| #define HAVE_UNISTD_H 1
| #define STDC_HEADERS 1
| #define HAVE_DLFCN_H 1
| #define LT_OBJDIR ".libs/"
| /* end confdefs.h.  */
| #include <stddef.h>
| #ifdef HAVE_STDIO_H
| # include <stdio.h>
| #endif
| #ifdef HAVE_STDLIB_H
| # include <stdlib.h>
| #endif
| #ifdef HAVE_STRING_H
| # include <string.h>
| #endif
| #ifdef HAVE_INTTYPES_H
| # include <inttypes.h>
| #endif
| #ifdef HAVE_STDINT_H
| # include <stdint.h>
| #endif
| #ifdef HAVE_STRINGS_H
| # include <strings.h>
| #endif
| #ifdef HAVE_SYS_TYPES_H
| # include <sys/types.h>
| #endif
| #ifdef HAVE_SYS_STAT_H
| # include <sys/stat.h>
| #endif
| #ifdef HAVE_UNISTD_H
| # include <unistd.h>
| #endif
| int
| main (void)
| {
| static int test_array [1 - 2 * !(((long int) (sizeof (size_t))) <= 1)];
| test_array [0] = 0;
| return test_array [0];
| 
|   ;
|   return 0;
| }
configure:19058: /Users/masterschool/.buildozer/android/platform/android-ndk-r25b/toolchains/llvm/prebuilt/darwin-x86_64/bin/clang -target aarch64-linux-android21 -fomit-frame-pointer -march=armv8-a -fPIC -c -target aarch64-linux-android21 -fomit-frame-pointer -march=armv8-a -fPIC -DANDROID -I/Users/masterschool/.buildozer/android/platform/android-ndk-r25b/toolchains/llvm/prebuilt/darwin-x86_64/sysroot/usr/include -I/Users/masterschool/Desktop/New_Project_Ethiopian_2026/ethiopian_coffee_game/.buildozer/android/platform/build-arm64-v8a_armeabi-v7a/build/python-installs/coffeegame/arm64-v8a/include/python3.1 conftest.c >&5
conftest.c:54:24: error: 'test_array' declared as an array with a negative size
static int test_array [1 - 2 * !(((long int) (sizeof (size_t))) <= 3)];
                       ^~~~~~~~~~~~~~~~~~~~~~~~~~~~~~~~~~~~~~~~~~~~~~
1 error generated.
configure:19058: $? = 1
configure: failed program was:
| /* confdefs.h */
| #define PACKAGE_NAME "libffi"
| #define PACKAGE_TARNAME "libffi"
| #define PACKAGE_VERSION "3.4.2"
| #define PACKAGE_STRING "libffi 3.4.2"
| #define PACKAGE_BUGREPORT "http://github.com/libffi/libffi/issues"
| #define PACKAGE_URL ""
| #define PACKAGE "libffi"
| #define VERSION "3.4.2"
| #define HAVE_STDIO_H 1
| #define HAVE_STDLIB_H 1
| #define HAVE_STRING_H 1
| #define HAVE_INTTYPES_H 1
| #define HAVE_STDINT_H 1
| #define HAVE_STRINGS_H 1
| #define HAVE_SYS_STAT_H 1
| #define HAVE_SYS_TYPES_H 1
| #define HAVE_UNISTD_H 1
| #define STDC_HEADERS 1
| #define HAVE_DLFCN_H 1
| #define LT_OBJDIR ".libs/"
| /* end confdefs.h.  */
| #include <stddef.h>
| #ifdef HAVE_STDIO_H
| # include <stdio.h>
| #endif
| #ifdef HAVE_STDLIB_H
| # include <stdlib.h>
| #endif
| #ifdef HAVE_STRING_H
| # include <string.h>
| #endif
| #ifdef HAVE_INTTYPES_H
| # include <inttypes.h>
| #endif
| #ifdef HAVE_STDINT_H
| # include <stdint.h>
| #endif
| #ifdef HAVE_STRINGS_H
| # include <strings.h>
| #endif
| #ifdef HAVE_SYS_TYPES_H
| # include <sys/types.h>
| #endif
| #ifdef HAVE_SYS_STAT_H
| # include <sys/stat.h>
| #endif
| #ifdef HAVE_UNISTD_H
| # include <unistd.h>
| #endif
| int
| main (void)
| {
| static int test_array [1 - 2 * !(((long int) (sizeof (size_t))) <= 3)];
| test_array [0] = 0;
| return test_array [0];
| 
|   ;
|   return 0;
| }
configure:19058: /Users/masterschool/.buildozer/android/platform/android-ndk-r25b/toolchains/llvm/prebuilt/darwin-x86_64/bin/clang -target aarch64-linux-android21 -fomit-frame-pointer -march=armv8-a -fPIC -c -target aarch64-linux-android21 -fomit-frame-pointer -march=armv8-a -fPIC -DANDROID -I/Users/masterschool/.buildozer/android/platform/android-ndk-r25b/toolchains/llvm/prebuilt/darwin-x86_64/sysroot/usr/include -I/Users/masterschool/Desktop/New_Project_Ethiopian_2026/ethiopian_coffee_game/.buildozer/android/platform/build-arm64-v8a_armeabi-v7a/build/python-installs/coffeegame/arm64-v8a/include/python3.1 conftest.c >&5
conftest.c:54:24: error: 'test_array' declared as an array with a negative size
static int test_array [1 - 2 * !(((long int) (sizeof (size_t))) <= 7)];
                       ^~~~~~~~~~~~~~~~~~~~~~~~~~~~~~~~~~~~~~~~~~~~~~
1 error generated.
configure:19058: $? = 1
configure: failed program was:
| /* confdefs.h */
| #define PACKAGE_NAME "libffi"
| #define PACKAGE_TARNAME "libffi"
| #define PACKAGE_VERSION "3.4.2"
| #define PACKAGE_STRING "libffi 3.4.2"
| #define PACKAGE_BUGREPORT "http://github.com/libffi/libffi/issues"
| #define PACKAGE_URL ""
| #define PACKAGE "libffi"
| #define VERSION "3.4.2"
| #define HAVE_STDIO_H 1
| #define HAVE_STDLIB_H 1
| #define HAVE_STRING_H 1
| #define HAVE_INTTYPES_H 1
| #define HAVE_STDINT_H 1
| #define HAVE_STRINGS_H 1
| #define HAVE_SYS_STAT_H 1
| #define HAVE_SYS_TYPES_H 1
| #define HAVE_UNISTD_H 1
| #define STDC_HEADERS 1
| #define HAVE_DLFCN_H 1
| #define LT_OBJDIR ".libs/"
| /* end confdefs.h.  */
| #include <stddef.h>
| #ifdef HAVE_STDIO_H
| # include <stdio.h>
| #endif
| #ifdef HAVE_STDLIB_H
| # include <stdlib.h>
| #endif
| #ifdef HAVE_STRING_H
| # include <string.h>
| #endif
| #ifdef HAVE_INTTYPES_H
| # include <inttypes.h>
| #endif
| #ifdef HAVE_STDINT_H
| # include <stdint.h>
| #endif
| #ifdef HAVE_STRINGS_H
| # include <strings.h>
| #endif
| #ifdef HAVE_SYS_TYPES_H
| # include <sys/types.h>
| #endif
| #ifdef HAVE_SYS_STAT_H
| # include <sys/stat.h>
| #endif
| #ifdef HAVE_UNISTD_H
| # include <unistd.h>
| #endif
| int
| main (void)
| {
| static int test_array [1 - 2 * !(((long int) (sizeof (size_t))) <= 7)];
| test_array [0] = 0;
| return test_array [0];
| 
|   ;
|   return 0;
| }
configure:19058: /Users/masterschool/.buildozer/android/platform/android-ndk-r25b/toolchains/llvm/prebuilt/darwin-x86_64/bin/clang -target aarch64-linux-android21 -fomit-frame-pointer -march=armv8-a -fPIC -c -target aarch64-linux-android21 -fomit-frame-pointer -march=armv8-a -fPIC -DANDROID -I/Users/masterschool/.buildozer/android/platform/android-ndk-r25b/toolchains/llvm/prebuilt/darwin-x86_64/sysroot/usr/include -I/Users/masterschool/Desktop/New_Project_Ethiopian_2026/ethiopian_coffee_game/.buildozer/android/platform/build-arm64-v8a_armeabi-v7a/build/python-installs/coffeegame/arm64-v8a/include/python3.1 conftest.c >&5
configure:19058: $? = 0
configure:19058: /Users/masterschool/.buildozer/android/platform/android-ndk-r25b/toolchains/llvm/prebuilt/darwin-x86_64/bin/clang -target aarch64-linux-android21 -fomit-frame-pointer -march=armv8-a -fPIC -c -target aarch64-linux-android21 -fomit-frame-pointer -march=armv8-a -fPIC -DANDROID -I/Users/masterschool/.buildozer/android/platform/android-ndk-r25b/toolchains/llvm/prebuilt/darwin-x86_64/sysroot/usr/include -I/Users/masterschool/Desktop/New_Project_Ethiopian_2026/ethiopian_coffee_game/.buildozer/android/platform/build-arm64-v8a_armeabi-v7a/build/python-installs/coffeegame/arm64-v8a/include/python3.1 conftest.c >&5
configure:19058: $? = 0
configure:19058: /Users/masterschool/.buildozer/android/platform/android-ndk-r25b/toolchains/llvm/prebuilt/darwin-x86_64/bin/clang -target aarch64-linux-android21 -fomit-frame-pointer -march=armv8-a -fPIC -c -target aarch64-linux-android21 -fomit-frame-pointer -march=armv8-a -fPIC -DANDROID -I/Users/masterschool/.buildozer/android/platform/android-ndk-r25b/toolchains/llvm/prebuilt/darwin-x86_64/sysroot/usr/include -I/Users/masterschool/Desktop/New_Project_Ethiopian_2026/ethiopian_coffee_game/.buildozer/android/platform/build-arm64-v8a_armeabi-v7a/build/python-installs/coffeegame/arm64-v8a/include/python3.1 conftest.c >&5
configure:19058: $? = 0
configure:19058: /Users/masterschool/.buildozer/android/platform/android-ndk-r25b/toolchains/llvm/prebuilt/darwin-x86_64/bin/clang -target aarch64-linux-android21 -fomit-frame-pointer -march=armv8-a -fPIC -c -target aarch64-linux-android21 -fomit-frame-pointer -march=armv8-a -fPIC -DANDROID -I/Users/masterschool/.buildozer/android/platform/android-ndk-r25b/toolchains/llvm/prebuilt/darwin-x86_64/sysroot/usr/include -I/Users/masterschool/Desktop/New_Project_Ethiopian_2026/ethiopian_coffee_game/.buildozer/android/platform/build-arm64-v8a_armeabi-v7a/build/python-installs/coffeegame/arm64-v8a/include/python3.1 conftest.c >&5
configure:19058: $? = 0
configure:19068: result: 8
configure:19077: checking for C compiler vendor
configure:19126: /Users/masterschool/.buildozer/android/platform/android-ndk-r25b/toolchains/llvm/prebuilt/darwin-x86_64/bin/clang -target aarch64-linux-android21 -fomit-frame-pointer -march=armv8-a -fPIC -c -target aarch64-linux-android21 -fomit-frame-pointer -march=armv8-a -fPIC -DANDROID -I/Users/masterschool/.buildozer/android/platform/android-ndk-r25b/toolchains/llvm/prebuilt/darwin-x86_64/sysroot/usr/include -I/Users/masterschool/Desktop/New_Project_Ethiopian_2026/ethiopian_coffee_game/.buildozer/android/platform/build-arm64-v8a_armeabi-v7a/build/python-installs/coffeegame/arm64-v8a/include/python3.1 conftest.c >&5
conftest.c:30:9: error: use of undeclared identifier 'thisisanerror'
        thisisanerror;
        ^
1 error generated.
configure:19126: $? = 1
configure: failed program was:
| /* confdefs.h */
| #define PACKAGE_NAME "libffi"
| #define PACKAGE_TARNAME "libffi"
| #define PACKAGE_VERSION "3.4.2"
| #define PACKAGE_STRING "libffi 3.4.2"
| #define PACKAGE_BUGREPORT "http://github.com/libffi/libffi/issues"
| #define PACKAGE_URL ""
| #define PACKAGE "libffi"
| #define VERSION "3.4.2"
| #define HAVE_STDIO_H 1
| #define HAVE_STDLIB_H 1
| #define HAVE_STRING_H 1
| #define HAVE_INTTYPES_H 1
| #define HAVE_STDINT_H 1
| #define HAVE_STRINGS_H 1
| #define HAVE_SYS_STAT_H 1
| #define HAVE_SYS_TYPES_H 1
| #define HAVE_UNISTD_H 1
| #define STDC_HEADERS 1
| #define HAVE_DLFCN_H 1
| #define LT_OBJDIR ".libs/"
| #define SIZEOF_SIZE_T 8
| /* end confdefs.h.  */
| 
| int
| main (void)
| {
| 
|       #if !(defined(__ICC) || defined(__ECC) || defined(__INTEL_COMPILER))
|         thisisanerror;
|       #endif
| 
|   ;
|   return 0;
| }
configure:19126: /Users/masterschool/.buildozer/android/platform/android-ndk-r25b/toolchains/llvm/prebuilt/darwin-x86_64/bin/clang -target aarch64-linux-android21 -fomit-frame-pointer -march=armv8-a -fPIC -c -target aarch64-linux-android21 -fomit-frame-pointer -march=armv8-a -fPIC -DANDROID -I/Users/masterschool/.buildozer/android/platform/android-ndk-r25b/toolchains/llvm/prebuilt/darwin-x86_64/sysroot/usr/include -I/Users/masterschool/Desktop/New_Project_Ethiopian_2026/ethiopian_coffee_game/.buildozer/android/platform/build-arm64-v8a_armeabi-v7a/build/python-installs/coffeegame/arm64-v8a/include/python3.1 conftest.c >&5
conftest.c:30:9: error: use of undeclared identifier 'thisisanerror'
        thisisanerror;
        ^
1 error generated.
configure:19126: $? = 1
configure: failed program was:
| /* confdefs.h */
| #define PACKAGE_NAME "libffi"
| #define PACKAGE_TARNAME "libffi"
| #define PACKAGE_VERSION "3.4.2"
| #define PACKAGE_STRING "libffi 3.4.2"
| #define PACKAGE_BUGREPORT "http://github.com/libffi/libffi/issues"
| #define PACKAGE_URL ""
| #define PACKAGE "libffi"
| #define VERSION "3.4.2"
| #define HAVE_STDIO_H 1
| #define HAVE_STDLIB_H 1
| #define HAVE_STRING_H 1
| #define HAVE_INTTYPES_H 1
| #define HAVE_STDINT_H 1
| #define HAVE_STRINGS_H 1
| #define HAVE_SYS_STAT_H 1
| #define HAVE_SYS_TYPES_H 1
| #define HAVE_UNISTD_H 1
| #define STDC_HEADERS 1
| #define HAVE_DLFCN_H 1
| #define LT_OBJDIR ".libs/"
| #define SIZEOF_SIZE_T 8
| /* end confdefs.h.  */
| 
| int
| main (void)
| {
| 
|       #if !(defined(__xlc__) || defined(__xlC__) || defined(__IBMC__) || defined(__IBMCPP__))
|         thisisanerror;
|       #endif
| 
|   ;
|   return 0;
| }
configure:19126: /Users/masterschool/.buildozer/android/platform/android-ndk-r25b/toolchains/llvm/prebuilt/darwin-x86_64/bin/clang -target aarch64-linux-android21 -fomit-frame-pointer -march=armv8-a -fPIC -c -target aarch64-linux-android21 -fomit-frame-pointer -march=armv8-a -fPIC -DANDROID -I/Users/masterschool/.buildozer/android/platform/android-ndk-r25b/toolchains/llvm/prebuilt/darwin-x86_64/sysroot/usr/include -I/Users/masterschool/Desktop/New_Project_Ethiopian_2026/ethiopian_coffee_game/.buildozer/android/platform/build-arm64-v8a_armeabi-v7a/build/python-installs/coffeegame/arm64-v8a/include/python3.1 conftest.c >&5
conftest.c:30:9: error: use of undeclared identifier 'thisisanerror'
        thisisanerror;
        ^
1 error generated.
configure:19126: $? = 1
configure: failed program was:
| /* confdefs.h */
| #define PACKAGE_NAME "libffi"
| #define PACKAGE_TARNAME "libffi"
| #define PACKAGE_VERSION "3.4.2"
| #define PACKAGE_STRING "libffi 3.4.2"
| #define PACKAGE_BUGREPORT "http://github.com/libffi/libffi/issues"
| #define PACKAGE_URL ""
| #define PACKAGE "libffi"
| #define VERSION "3.4.2"
| #define HAVE_STDIO_H 1
| #define HAVE_STDLIB_H 1
| #define HAVE_STRING_H 1
| #define HAVE_INTTYPES_H 1
| #define HAVE_STDINT_H 1
| #define HAVE_STRINGS_H 1
| #define HAVE_SYS_STAT_H 1
| #define HAVE_SYS_TYPES_H 1
| #define HAVE_UNISTD_H 1
| #define STDC_HEADERS 1
| #define HAVE_DLFCN_H 1
| #define LT_OBJDIR ".libs/"
| #define SIZEOF_SIZE_T 8
| /* end confdefs.h.  */
| 
| int
| main (void)
| {
| 
|       #if !(defined(__PATHCC__) || defined(__PATHSCALE__))
|         thisisanerror;
|       #endif
| 
|   ;
|   return 0;
| }
configure:19126: /Users/masterschool/.buildozer/android/platform/android-ndk-r25b/toolchains/llvm/prebuilt/darwin-x86_64/bin/clang -target aarch64-linux-android21 -fomit-frame-pointer -march=armv8-a -fPIC -c -target aarch64-linux-android21 -fomit-frame-pointer -march=armv8-a -fPIC -DANDROID -I/Users/masterschool/.buildozer/android/platform/android-ndk-r25b/toolchains/llvm/prebuilt/darwin-x86_64/sysroot/usr/include -I/Users/masterschool/Desktop/New_Project_Ethiopian_2026/ethiopian_coffee_game/.buildozer/android/platform/build-arm64-v8a_armeabi-v7a/build/python-installs/coffeegame/arm64-v8a/include/python3.1 conftest.c >&5
configure:19126: $? = 0
configure:19136: result: clang
configure:19989: checking whether C compiler accepts -target aarch64-linux-android21 -fomit-frame-pointer -march=armv8-a -fPIC
configure:20009: /Users/masterschool/.buildozer/android/platform/android-ndk-r25b/toolchains/llvm/prebuilt/darwin-x86_64/bin/clang -target aarch64-linux-android21 -fomit-frame-pointer -march=armv8-a -fPIC -c -target aarch64-linux-android21 -fomit-frame-pointer -march=armv8-a -fPIC  -target aarch64-linux-android21 -fomit-frame-pointer -march=armv8-a -fPIC -DANDROID -I/Users/masterschool/.buildozer/android/platform/android-ndk-r25b/toolchains/llvm/prebuilt/darwin-x86_64/sysroot/usr/include -I/Users/masterschool/Desktop/New_Project_Ethiopian_2026/ethiopian_coffee_game/.buildozer/android/platform/build-arm64-v8a_armeabi-v7a/build/python-installs/coffeegame/arm64-v8a/include/python3.1 conftest.c >&5
configure:20009: $? = 0
configure:20021: result: yes
configure:20051: checking CFLAGS for maximum warnings
configure:20072: /Users/masterschool/.buildozer/android/platform/android-ndk-r25b/toolchains/llvm/prebuilt/darwin-x86_64/bin/clang -target aarch64-linux-android21 -fomit-frame-pointer -march=armv8-a -fPIC -c -target aarch64-linux-android21 -fomit-frame-pointer -march=armv8-a -fPIC -warn all  -warn all -DANDROID -I/Users/masterschool/.buildozer/android/platform/android-ndk-r25b/toolchains/llvm/prebuilt/darwin-x86_64/sysroot/usr/include -I/Users/masterschool/Desktop/New_Project_Ethiopian_2026/ethiopian_coffee_game/.buildozer/android/platform/build-arm64-v8a_armeabi-v7a/build/python-installs/coffeegame/arm64-v8a/include/python3.1 conftest.c >&5
clang-14: error: unknown argument: '-warn'
clang-14: error: unknown argument: '-warn'
clang-14: error: no such file or directory: 'all'
clang-14: error: no such file or directory: 'all'
configure:20072: $? = 1
configure: failed program was:
| /* confdefs.h */
| #define PACKAGE_NAME "libffi"
| #define PACKAGE_TARNAME "libffi"
| #define PACKAGE_VERSION "3.4.2"
| #define PACKAGE_STRING "libffi 3.4.2"
| #define PACKAGE_BUGREPORT "http://github.com/libffi/libffi/issues"
| #define PACKAGE_URL ""
| #define PACKAGE "libffi"
| #define VERSION "3.4.2"
| #define HAVE_STDIO_H 1
| #define HAVE_STDLIB_H 1
| #define HAVE_STRING_H 1
| #define HAVE_INTTYPES_H 1
| #define HAVE_STDINT_H 1
| #define HAVE_STRINGS_H 1
| #define HAVE_SYS_STAT_H 1
| #define HAVE_SYS_TYPES_H 1
| #define HAVE_UNISTD_H 1
| #define STDC_HEADERS 1
| #define HAVE_DLFCN_H 1
| #define LT_OBJDIR ".libs/"
| #define SIZEOF_SIZE_T 8
| /* end confdefs.h.  */
| 
| int
| main (void)
| {
| 
|   ;
|   return 0;
| }
configure:20072: /Users/masterschool/.buildozer/android/platform/android-ndk-r25b/toolchains/llvm/prebuilt/darwin-x86_64/bin/clang -target aarch64-linux-android21 -fomit-frame-pointer -march=armv8-a -fPIC -c -target aarch64-linux-android21 -fomit-frame-pointer -march=armv8-a -fPIC -pedantic  -Wall -DANDROID -I/Users/masterschool/.buildozer/android/platform/android-ndk-r25b/toolchains/llvm/prebuilt/darwin-x86_64/sysroot/usr/include -I/Users/masterschool/Desktop/New_Project_Ethiopian_2026/ethiopian_coffee_game/.buildozer/android/platform/build-arm64-v8a_armeabi-v7a/build/python-installs/coffeegame/arm64-v8a/include/python3.1 conftest.c >&5
configure:20072: $? = 0
configure:20082: result: -Wall
configure:20103: : CFLAGS="$CFLAGS"
configure:20106: $? = 0
configure:20145: checking whether to enable maintainer-specific portions of Makefiles
configure:20156: result: no
configure:20170: checking for sys/memfd.h
configure:20170: /Users/masterschool/.buildozer/android/platform/android-ndk-r25b/toolchains/llvm/prebuilt/darwin-x86_64/bin/clang -target aarch64-linux-android21 -fomit-frame-pointer -march=armv8-a -fPIC -c -target aarch64-linux-android21 -fomit-frame-pointer -march=armv8-a -fPIC -Wall -fexceptions -DANDROID -I/Users/masterschool/.buildozer/android/platform/android-ndk-r25b/toolchains/llvm/prebuilt/darwin-x86_64/sysroot/usr/include -I/Users/masterschool/Desktop/New_Project_Ethiopian_2026/ethiopian_coffee_game/.buildozer/android/platform/build-arm64-v8a_armeabi-v7a/build/python-installs/coffeegame/arm64-v8a/include/python3.1 conftest.c >&5
conftest.c:52:10: fatal error: 'sys/memfd.h' file not found
#include <sys/memfd.h>
         ^~~~~~~~~~~~~
1 error generated.
configure:20170: $? = 1
configure: failed program was:
| /* confdefs.h */
| #define PACKAGE_NAME "libffi"
| #define PACKAGE_TARNAME "libffi"
| #define PACKAGE_VERSION "3.4.2"
| #define PACKAGE_STRING "libffi 3.4.2"
| #define PACKAGE_BUGREPORT "http://github.com/libffi/libffi/issues"
| #define PACKAGE_URL ""
| #define PACKAGE "libffi"
| #define VERSION "3.4.2"
| #define HAVE_STDIO_H 1
| #define HAVE_STDLIB_H 1
| #define HAVE_STRING_H 1
| #define HAVE_INTTYPES_H 1
| #define HAVE_STDINT_H 1
| #define HAVE_STRINGS_H 1
| #define HAVE_SYS_STAT_H 1
| #define HAVE_SYS_TYPES_H 1
| #define HAVE_UNISTD_H 1
| #define STDC_HEADERS 1
| #define HAVE_DLFCN_H 1
| #define LT_OBJDIR ".libs/"
| #define SIZEOF_SIZE_T 8
| /* end confdefs.h.  */
| #include <stddef.h>
| #ifdef HAVE_STDIO_H
| # include <stdio.h>
| #endif
| #ifdef HAVE_STDLIB_H
| # include <stdlib.h>
| #endif
| #ifdef HAVE_STRING_H
| # include <string.h>
| #endif
| #ifdef HAVE_INTTYPES_H
| # include <inttypes.h>
| #endif
| #ifdef HAVE_STDINT_H
| # include <stdint.h>
| #endif
| #ifdef HAVE_STRINGS_H
| # include <strings.h>
| #endif
| #ifdef HAVE_SYS_TYPES_H
| # include <sys/types.h>
| #endif
| #ifdef HAVE_SYS_STAT_H
| # include <sys/stat.h>
| #endif
| #ifdef HAVE_UNISTD_H
| # include <unistd.h>
| #endif
| #include <sys/memfd.h>
configure:20170: result: no
configure:20177: checking for memfd_create
configure:20177: /Users/masterschool/.buildozer/android/platform/android-ndk-r25b/toolchains/llvm/prebuilt/darwin-x86_64/bin/clang -target aarch64-linux-android21 -fomit-frame-pointer -march=armv8-a -fPIC -o conftest -target aarch64-linux-android21 -fomit-frame-pointer -march=armv8-a -fPIC -Wall -fexceptions -DANDROID -I/Users/masterschool/.buildozer/android/platform/android-ndk-r25b/toolchains/llvm/prebuilt/darwin-x86_64/sysroot/usr/include -I/Users/masterschool/Desktop/New_Project_Ethiopian_2026/ethiopian_coffee_game/.buildozer/android/platform/build-arm64-v8a_armeabi-v7a/build/python-installs/coffeegame/arm64-v8a/include/python3.1   -L/Users/masterschool/Desktop/New_Project_Ethiopian_2026/ethiopian_coffee_game/.buildozer/android/platform/build-arm64-v8a_armeabi-v7a/build/libs_collections/coffeegame/arm64-v8a conftest.c  >&5
ld: error: undefined symbol: memfd_create
>>> referenced by conftest.c
>>>               /var/folders/kj/2yzm2k7n2r99ksb5m4x16dbw0000gn/T/conftest-a68bdf.o:(main)
clang-14: error: linker command failed with exit code 1 (use -v to see invocation)
configure:20177: $? = 1
configure: failed program was:
| /* confdefs.h */
| #define PACKAGE_NAME "libffi"
| #define PACKAGE_TARNAME "libffi"
| #define PACKAGE_VERSION "3.4.2"
| #define PACKAGE_STRING "libffi 3.4.2"
| #define PACKAGE_BUGREPORT "http://github.com/libffi/libffi/issues"
| #define PACKAGE_URL ""
| #define PACKAGE "libffi"
| #define VERSION "3.4.2"
| #define HAVE_STDIO_H 1
| #define HAVE_STDLIB_H 1
| #define HAVE_STRING_H 1
| #define HAVE_INTTYPES_H 1
| #define HAVE_STDINT_H 1
| #define HAVE_STRINGS_H 1
| #define HAVE_SYS_STAT_H 1
| #define HAVE_SYS_TYPES_H 1
| #define HAVE_UNISTD_H 1
| #define STDC_HEADERS 1
| #define HAVE_DLFCN_H 1
| #define LT_OBJDIR ".libs/"
| #define SIZEOF_SIZE_T 8
| /* end confdefs.h.  */
| /* Define memfd_create to an innocuous variant, in case <limits.h> declares memfd_create.
|    For example, HP-UX 11i <limits.h> declares gettimeofday.  */
| #define memfd_create innocuous_memfd_create
| 
| /* System header to define __stub macros and hopefully few prototypes,
|    which can conflict with char memfd_create (void); below.  */
| 
| #include <limits.h>
| #undef memfd_create
| 
| /* Override any GCC internal prototype to avoid an error.
|    Use char because int might match the return type of a GCC
|    builtin and then its argument prototype would still apply.  */
| #ifdef __cplusplus
| extern "C"
| #endif
| char memfd_create (void);
| /* The GNU C library defines this for functions which it implements
|     to always fail with ENOSYS.  Some functions are actually named
|     something starting with __ and the normal name is an alias.  */
| #if defined __stub_memfd_create || defined __stub___memfd_create
| choke me
| #endif
| 
| int
| main (void)
| {
| return memfd_create ();
|   ;
|   return 0;
| }
configure:20177: result: no
configure:20185: checking for sys/mman.h
configure:20185: /Users/masterschool/.buildozer/android/platform/android-ndk-r25b/toolchains/llvm/prebuilt/darwin-x86_64/bin/clang -target aarch64-linux-android21 -fomit-frame-pointer -march=armv8-a -fPIC -c -target aarch64-linux-android21 -fomit-frame-pointer -march=armv8-a -fPIC -Wall -fexceptions -DANDROID -I/Users/masterschool/.buildozer/android/platform/android-ndk-r25b/toolchains/llvm/prebuilt/darwin-x86_64/sysroot/usr/include -I/Users/masterschool/Desktop/New_Project_Ethiopian_2026/ethiopian_coffee_game/.buildozer/android/platform/build-arm64-v8a_armeabi-v7a/build/python-installs/coffeegame/arm64-v8a/include/python3.1 conftest.c >&5
configure:20185: $? = 0
configure:20185: result: yes
configure:20192: checking for mmap
configure:20192: /Users/masterschool/.buildozer/android/platform/android-ndk-r25b/toolchains/llvm/prebuilt/darwin-x86_64/bin/clang -target aarch64-linux-android21 -fomit-frame-pointer -march=armv8-a -fPIC -o conftest -target aarch64-linux-android21 -fomit-frame-pointer -march=armv8-a -fPIC -Wall -fexceptions -DANDROID -I/Users/masterschool/.buildozer/android/platform/android-ndk-r25b/toolchains/llvm/prebuilt/darwin-x86_64/sysroot/usr/include -I/Users/masterschool/Desktop/New_Project_Ethiopian_2026/ethiopian_coffee_game/.buildozer/android/platform/build-arm64-v8a_armeabi-v7a/build/python-installs/coffeegame/arm64-v8a/include/python3.1   -L/Users/masterschool/Desktop/New_Project_Ethiopian_2026/ethiopian_coffee_game/.buildozer/android/platform/build-arm64-v8a_armeabi-v7a/build/libs_collections/coffeegame/arm64-v8a conftest.c  >&5
configure:20192: $? = 0
configure:20192: result: yes
configure:20198: checking for mkostemp
configure:20198: /Users/masterschool/.buildozer/android/platform/android-ndk-r25b/toolchains/llvm/prebuilt/darwin-x86_64/bin/clang -target aarch64-linux-android21 -fomit-frame-pointer -march=armv8-a -fPIC -o conftest -target aarch64-linux-android21 -fomit-frame-pointer -march=armv8-a -fPIC -Wall -fexceptions -DANDROID -I/Users/masterschool/.buildozer/android/platform/android-ndk-r25b/toolchains/llvm/prebuilt/darwin-x86_64/sysroot/usr/include -I/Users/masterschool/Desktop/New_Project_Ethiopian_2026/ethiopian_coffee_game/.buildozer/android/platform/build-arm64-v8a_armeabi-v7a/build/python-installs/coffeegame/arm64-v8a/include/python3.1   -L/Users/masterschool/Desktop/New_Project_Ethiopian_2026/ethiopian_coffee_game/.buildozer/android/platform/build-arm64-v8a_armeabi-v7a/build/libs_collections/coffeegame/arm64-v8a conftest.c  >&5
ld: error: undefined symbol: mkostemp
>>> referenced by conftest.c
>>>               /var/folders/kj/2yzm2k7n2r99ksb5m4x16dbw0000gn/T/conftest-1f5c48.o:(main)
>>> did you mean: mkstemp
>>> defined in: /Users/masterschool/.buildozer/android/platform/android-ndk-r25b/toolchains/llvm/prebuilt/darwin-x86_64/bin/../sysroot/usr/lib/aarch64-linux-android/21/libc.so
clang-14: error: linker command failed with exit code 1 (use -v to see invocation)
configure:20198: $? = 1
configure: failed program was:
| /* confdefs.h */
| #define PACKAGE_NAME "libffi"
| #define PACKAGE_TARNAME "libffi"
| #define PACKAGE_VERSION "3.4.2"
| #define PACKAGE_STRING "libffi 3.4.2"
| #define PACKAGE_BUGREPORT "http://github.com/libffi/libffi/issues"
| #define PACKAGE_URL ""
| #define PACKAGE "libffi"
| #define VERSION "3.4.2"
| #define HAVE_STDIO_H 1
| #define HAVE_STDLIB_H 1
| #define HAVE_STRING_H 1
| #define HAVE_INTTYPES_H 1
| #define HAVE_STDINT_H 1
| #define HAVE_STRINGS_H 1
| #define HAVE_SYS_STAT_H 1
| #define HAVE_SYS_TYPES_H 1
| #define HAVE_UNISTD_H 1
| #define STDC_HEADERS 1
| #define HAVE_DLFCN_H 1
| #define LT_OBJDIR ".libs/"
| #define SIZEOF_SIZE_T 8
| #define HAVE_SYS_MMAN_H 1
| #define HAVE_MMAP 1
| /* end confdefs.h.  */
| /* Define mkostemp to an innocuous variant, in case <limits.h> declares mkostemp.
|    For example, HP-UX 11i <limits.h> declares gettimeofday.  */
| #define mkostemp innocuous_mkostemp
| 
| /* System header to define __stub macros and hopefully few prototypes,
|    which can conflict with char mkostemp (void); below.  */
| 
| #include <limits.h>
| #undef mkostemp
| 
| /* Override any GCC internal prototype to avoid an error.
|    Use char because int might match the return type of a GCC
|    builtin and then its argument prototype would still apply.  */
| #ifdef __cplusplus
| extern "C"
| #endif
| char mkostemp (void);
| /* The GNU C library defines this for functions which it implements
|     to always fail with ENOSYS.  Some functions are actually named
|     something starting with __ and the normal name is an alias.  */
| #if defined __stub_mkostemp || defined __stub___mkostemp
| choke me
| #endif
| 
| int
| main (void)
| {
| return mkostemp ();
|   ;
|   return 0;
| }
configure:20198: result: no
configure:20204: checking for mkstemp
configure:20204: /Users/masterschool/.buildozer/android/platform/android-ndk-r25b/toolchains/llvm/prebuilt/darwin-x86_64/bin/clang -target aarch64-linux-android21 -fomit-frame-pointer -march=armv8-a -fPIC -o conftest -target aarch64-linux-android21 -fomit-frame-pointer -march=armv8-a -fPIC -Wall -fexceptions -DANDROID -I/Users/masterschool/.buildozer/android/platform/android-ndk-r25b/toolchains/llvm/prebuilt/darwin-x86_64/sysroot/usr/include -I/Users/masterschool/Desktop/New_Project_Ethiopian_2026/ethiopian_coffee_game/.buildozer/android/platform/build-arm64-v8a_armeabi-v7a/build/python-installs/coffeegame/arm64-v8a/include/python3.1   -L/Users/masterschool/Desktop/New_Project_Ethiopian_2026/ethiopian_coffee_game/.buildozer/android/platform/build-arm64-v8a_armeabi-v7a/build/libs_collections/coffeegame/arm64-v8a conftest.c  >&5
configure:20204: $? = 0
configure:20204: result: yes
configure:20212: checking for sys/mman.h
configure:20212: result: yes
configure:20221: checking for mmap
configure:20221: result: yes
configure:20236: checking whether read-only mmap of a plain file works
configure:20255: result: yes
configure:20257: checking whether mmap from /dev/zero works
configure:20281: result: yes
configure:20285: checking for MAP_ANON(YMOUS)
configure:20309: /Users/masterschool/.buildozer/android/platform/android-ndk-r25b/toolchains/llvm/prebuilt/darwin-x86_64/bin/clang -target aarch64-linux-android21 -fomit-frame-pointer -march=armv8-a -fPIC -c -target aarch64-linux-android21 -fomit-frame-pointer -march=armv8-a -fPIC -Wall -fexceptions -DANDROID -I/Users/masterschool/.buildozer/android/platform/android-ndk-r25b/toolchains/llvm/prebuilt/darwin-x86_64/sysroot/usr/include -I/Users/masterschool/Desktop/New_Project_Ethiopian_2026/ethiopian_coffee_game/.buildozer/android/platform/build-arm64-v8a_armeabi-v7a/build/python-installs/coffeegame/arm64-v8a/include/python3.1 conftest.c >&5
conftest.c:38:5: warning: unused variable 'n' [-Wunused-variable]
int n = MAP_ANONYMOUS;
    ^
1 warning generated.
configure:20309: $? = 0
configure:20319: result: yes
configure:20325: checking whether mmap with MAP_ANON(YMOUS) works
configure:20344: result: yes
configure:20390: checking for egrep
configure:20460: result: /usr/bin/grep -E
configure:20468: checking for memcpy
configure:20468: /Users/masterschool/.buildozer/android/platform/android-ndk-r25b/toolchains/llvm/prebuilt/darwin-x86_64/bin/clang -target aarch64-linux-android21 -fomit-frame-pointer -march=armv8-a -fPIC -o conftest -target aarch64-linux-android21 -fomit-frame-pointer -march=armv8-a -fPIC -Wall -fexceptions -DANDROID -I/Users/masterschool/.buildozer/android/platform/android-ndk-r25b/toolchains/llvm/prebuilt/darwin-x86_64/sysroot/usr/include -I/Users/masterschool/Desktop/New_Project_Ethiopian_2026/ethiopian_coffee_game/.buildozer/android/platform/build-arm64-v8a_armeabi-v7a/build/python-installs/coffeegame/arm64-v8a/include/python3.1   -L/Users/masterschool/Desktop/New_Project_Ethiopian_2026/ethiopian_coffee_game/.buildozer/android/platform/build-arm64-v8a_armeabi-v7a/build/libs_collections/coffeegame/arm64-v8a conftest.c  >&5
conftest.c:46:6: warning: incompatible redeclaration of library function 'memcpy' [-Wincompatible-library-redeclaration]
char memcpy (void);
     ^
conftest.c:46:6: note: 'memcpy' is a builtin with type 'void *(void *, const void *, unsigned long)'
1 warning generated.
configure:20468: $? = 0
configure:20468: result: yes
configure:20475: checking for size_t
configure:20475: /Users/masterschool/.buildozer/android/platform/android-ndk-r25b/toolchains/llvm/prebuilt/darwin-x86_64/bin/clang -target aarch64-linux-android21 -fomit-frame-pointer -march=armv8-a -fPIC -c -target aarch64-linux-android21 -fomit-frame-pointer -march=armv8-a -fPIC -Wall -fexceptions -DANDROID -I/Users/masterschool/.buildozer/android/platform/android-ndk-r25b/toolchains/llvm/prebuilt/darwin-x86_64/sysroot/usr/include -I/Users/masterschool/Desktop/New_Project_Ethiopian_2026/ethiopian_coffee_game/.buildozer/android/platform/build-arm64-v8a_armeabi-v7a/build/python-installs/coffeegame/arm64-v8a/include/python3.1 conftest.c >&5
configure:20475: $? = 0
configure:20475: /Users/masterschool/.buildozer/android/platform/android-ndk-r25b/toolchains/llvm/prebuilt/darwin-x86_64/bin/clang -target aarch64-linux-android21 -fomit-frame-pointer -march=armv8-a -fPIC -c -target aarch64-linux-android21 -fomit-frame-pointer -march=armv8-a -fPIC -Wall -fexceptions -DANDROID -I/Users/masterschool/.buildozer/android/platform/android-ndk-r25b/toolchains/llvm/prebuilt/darwin-x86_64/sysroot/usr/include -I/Users/masterschool/Desktop/New_Project_Ethiopian_2026/ethiopian_coffee_game/.buildozer/android/platform/build-arm64-v8a_armeabi-v7a/build/python-installs/coffeegame/arm64-v8a/include/python3.1 conftest.c >&5
conftest.c:62:21: error: expected expression
if (sizeof ((size_t)))
                    ^
1 error generated.
configure:20475: $? = 1
configure: failed program was:
| /* confdefs.h */
| #define PACKAGE_NAME "libffi"
| #define PACKAGE_TARNAME "libffi"
| #define PACKAGE_VERSION "3.4.2"
| #define PACKAGE_STRING "libffi 3.4.2"
| #define PACKAGE_BUGREPORT "http://github.com/libffi/libffi/issues"
| #define PACKAGE_URL ""
| #define PACKAGE "libffi"
| #define VERSION "3.4.2"
| #define HAVE_STDIO_H 1
| #define HAVE_STDLIB_H 1
| #define HAVE_STRING_H 1
| #define HAVE_INTTYPES_H 1
| #define HAVE_STDINT_H 1
| #define HAVE_STRINGS_H 1
| #define HAVE_SYS_STAT_H 1
| #define HAVE_SYS_TYPES_H 1
| #define HAVE_UNISTD_H 1
| #define STDC_HEADERS 1
| #define HAVE_DLFCN_H 1
| #define LT_OBJDIR ".libs/"
| #define SIZEOF_SIZE_T 8
| #define HAVE_SYS_MMAN_H 1
| #define HAVE_MMAP 1
| #define HAVE_MKSTEMP 1
| #define HAVE_MMAP_FILE 1
| #define HAVE_MMAP_DEV_ZERO 1
| #define HAVE_MMAP_ANON 1
| #define HAVE_MEMCPY 1
| /* end confdefs.h.  */
| #include <stddef.h>
| #ifdef HAVE_STDIO_H
| # include <stdio.h>
| #endif
| #ifdef HAVE_STDLIB_H
| # include <stdlib.h>
| #endif
| #ifdef HAVE_STRING_H
| # include <string.h>
| #endif
| #ifdef HAVE_INTTYPES_H
| # include <inttypes.h>
| #endif
| #ifdef HAVE_STDINT_H
| # include <stdint.h>
| #endif
| #ifdef HAVE_STRINGS_H
| # include <strings.h>
| #endif
| #ifdef HAVE_SYS_TYPES_H
| # include <sys/types.h>
| #endif
| #ifdef HAVE_SYS_STAT_H
| # include <sys/stat.h>
| #endif
| #ifdef HAVE_UNISTD_H
| # include <unistd.h>
| #endif
| int
| main (void)
| {
| if (sizeof ((size_t)))
| 	    return 0;
|   ;
|   return 0;
| }
configure:20475: result: yes
configure:20488: checking for working alloca.h
configure:20506: /Users/masterschool/.buildozer/android/platform/android-ndk-r25b/toolchains/llvm/prebuilt/darwin-x86_64/bin/clang -target aarch64-linux-android21 -fomit-frame-pointer -march=armv8-a -fPIC -o conftest -target aarch64-linux-android21 -fomit-frame-pointer -march=armv8-a -fPIC -Wall -fexceptions -DANDROID -I/Users/masterschool/.buildozer/android/platform/android-ndk-r25b/toolchains/llvm/prebuilt/darwin-x86_64/sysroot/usr/include -I/Users/masterschool/Desktop/New_Project_Ethiopian_2026/ethiopian_coffee_game/.buildozer/android/platform/build-arm64-v8a_armeabi-v7a/build/python-installs/coffeegame/arm64-v8a/include/python3.1   -L/Users/masterschool/Desktop/New_Project_Ethiopian_2026/ethiopian_coffee_game/.buildozer/android/platform/build-arm64-v8a_armeabi-v7a/build/libs_collections/coffeegame/arm64-v8a conftest.c  >&5
configure:20506: $? = 0
configure:20517: result: yes
configure:20525: checking for alloca
configure:20570: result: yes
configure:20644: checking size of double
configure:20650: /Users/masterschool/.buildozer/android/platform/android-ndk-r25b/toolchains/llvm/prebuilt/darwin-x86_64/bin/clang -target aarch64-linux-android21 -fomit-frame-pointer -march=armv8-a -fPIC -c -target aarch64-linux-android21 -fomit-frame-pointer -march=armv8-a -fPIC -Wall -fexceptions -DANDROID -I/Users/masterschool/.buildozer/android/platform/android-ndk-r25b/toolchains/llvm/prebuilt/darwin-x86_64/sysroot/usr/include -I/Users/masterschool/Desktop/New_Project_Ethiopian_2026/ethiopian_coffee_game/.buildozer/android/platform/build-arm64-v8a_armeabi-v7a/build/python-installs/coffeegame/arm64-v8a/include/python3.1 conftest.c >&5
configure:20650: $? = 0
configure:20650: /Users/masterschool/.buildozer/android/platform/android-ndk-r25b/toolchains/llvm/prebuilt/darwin-x86_64/bin/clang -target aarch64-linux-android21 -fomit-frame-pointer -march=armv8-a -fPIC -c -target aarch64-linux-android21 -fomit-frame-pointer -march=armv8-a -fPIC -Wall -fexceptions -DANDROID -I/Users/masterschool/.buildozer/android/platform/android-ndk-r25b/toolchains/llvm/prebuilt/darwin-x86_64/sysroot/usr/include -I/Users/masterschool/Desktop/New_Project_Ethiopian_2026/ethiopian_coffee_game/.buildozer/android/platform/build-arm64-v8a_armeabi-v7a/build/python-installs/coffeegame/arm64-v8a/include/python3.1 conftest.c >&5
conftest.c:64:24: error: 'test_array' declared as an array with a negative size
static int test_array [1 - 2 * !(((long int) (sizeof (double))) <= 0)];
                       ^~~~~~~~~~~~~~~~~~~~~~~~~~~~~~~~~~~~~~~~~~~~~~
1 error generated.
configure:20650: $? = 1
configure: failed program was:
| /* confdefs.h */
| #define PACKAGE_NAME "libffi"
| #define PACKAGE_TARNAME "libffi"
| #define PACKAGE_VERSION "3.4.2"
| #define PACKAGE_STRING "libffi 3.4.2"
| #define PACKAGE_BUGREPORT "http://github.com/libffi/libffi/issues"
| #define PACKAGE_URL ""
| #define PACKAGE "libffi"
| #define VERSION "3.4.2"
| #define HAVE_STDIO_H 1
| #define HAVE_STDLIB_H 1
| #define HAVE_STRING_H 1
| #define HAVE_INTTYPES_H 1
| #define HAVE_STDINT_H 1
| #define HAVE_STRINGS_H 1
| #define HAVE_SYS_STAT_H 1
| #define HAVE_SYS_TYPES_H 1
| #define HAVE_UNISTD_H 1
| #define STDC_HEADERS 1
| #define HAVE_DLFCN_H 1
| #define LT_OBJDIR ".libs/"
| #define SIZEOF_SIZE_T 8
| #define HAVE_SYS_MMAN_H 1
| #define HAVE_MMAP 1
| #define HAVE_MKSTEMP 1
| #define HAVE_MMAP_FILE 1
| #define HAVE_MMAP_DEV_ZERO 1
| #define HAVE_MMAP_ANON 1
| #define HAVE_MEMCPY 1
| #define HAVE_ALLOCA_H 1
| #define HAVE_ALLOCA 1
| /* end confdefs.h.  */
| #include <stddef.h>
| #ifdef HAVE_STDIO_H
| # include <stdio.h>
| #endif
| #ifdef HAVE_STDLIB_H
| # include <stdlib.h>
| #endif
| #ifdef HAVE_STRING_H
| # include <string.h>
| #endif
| #ifdef HAVE_INTTYPES_H
| # include <inttypes.h>
| #endif
| #ifdef HAVE_STDINT_H
| # include <stdint.h>
| #endif
| #ifdef HAVE_STRINGS_H
| # include <strings.h>
| #endif
| #ifdef HAVE_SYS_TYPES_H
| # include <sys/types.h>
| #endif
| #ifdef HAVE_SYS_STAT_H
| # include <sys/stat.h>
| #endif
| #ifdef HAVE_UNISTD_H
| # include <unistd.h>
| #endif
| int
| main (void)
| {
| static int test_array [1 - 2 * !(((long int) (sizeof (double))) <= 0)];
| test_array [0] = 0;
| return test_array [0];
| 
|   ;
|   return 0;
| }
configure:20650: /Users/masterschool/.buildozer/android/platform/android-ndk-r25b/toolchains/llvm/prebuilt/darwin-x86_64/bin/clang -target aarch64-linux-android21 -fomit-frame-pointer -march=armv8-a -fPIC -c -target aarch64-linux-android21 -fomit-frame-pointer -march=armv8-a -fPIC -Wall -fexceptions -DANDROID -I/Users/masterschool/.buildozer/android/platform/android-ndk-r25b/toolchains/llvm/prebuilt/darwin-x86_64/sysroot/usr/include -I/Users/masterschool/Desktop/New_Project_Ethiopian_2026/ethiopian_coffee_game/.buildozer/android/platform/build-arm64-v8a_armeabi-v7a/build/python-installs/coffeegame/arm64-v8a/include/python3.1 conftest.c >&5
conftest.c:64:24: error: 'test_array' declared as an array with a negative size
static int test_array [1 - 2 * !(((long int) (sizeof (double))) <= 1)];
                       ^~~~~~~~~~~~~~~~~~~~~~~~~~~~~~~~~~~~~~~~~~~~~~
1 error generated.
configure:20650: $? = 1
configure: failed program was:
| /* confdefs.h */
| #define PACKAGE_NAME "libffi"
| #define PACKAGE_TARNAME "libffi"
| #define PACKAGE_VERSION "3.4.2"
| #define PACKAGE_STRING "libffi 3.4.2"
| #define PACKAGE_BUGREPORT "http://github.com/libffi/libffi/issues"
| #define PACKAGE_URL ""
| #define PACKAGE "libffi"
| #define VERSION "3.4.2"
| #define HAVE_STDIO_H 1
| #define HAVE_STDLIB_H 1
| #define HAVE_STRING_H 1
| #define HAVE_INTTYPES_H 1
| #define HAVE_STDINT_H 1
| #define HAVE_STRINGS_H 1
| #define HAVE_SYS_STAT_H 1
| #define HAVE_SYS_TYPES_H 1
| #define HAVE_UNISTD_H 1
| #define STDC_HEADERS 1
| #define HAVE_DLFCN_H 1
| #define LT_OBJDIR ".libs/"
| #define SIZEOF_SIZE_T 8
| #define HAVE_SYS_MMAN_H 1
| #define HAVE_MMAP 1
| #define HAVE_MKSTEMP 1
| #define HAVE_MMAP_FILE 1
| #define HAVE_MMAP_DEV_ZERO 1
| #define HAVE_MMAP_ANON 1
| #define HAVE_MEMCPY 1
| #define HAVE_ALLOCA_H 1
| #define HAVE_ALLOCA 1
| /* end confdefs.h.  */
| #include <stddef.h>
| #ifdef HAVE_STDIO_H
| # include <stdio.h>
| #endif
| #ifdef HAVE_STDLIB_H
| # include <stdlib.h>
| #endif
| #ifdef HAVE_STRING_H
| # include <string.h>
| #endif
| #ifdef HAVE_INTTYPES_H
| # include <inttypes.h>
| #endif
| #ifdef HAVE_STDINT_H
| # include <stdint.h>
| #endif
| #ifdef HAVE_STRINGS_H
| # include <strings.h>
| #endif
| #ifdef HAVE_SYS_TYPES_H
| # include <sys/types.h>
| #endif
| #ifdef HAVE_SYS_STAT_H
| # include <sys/stat.h>
| #endif
| #ifdef HAVE_UNISTD_H
| # include <unistd.h>
| #endif
| int
| main (void)
| {
| static int test_array [1 - 2 * !(((long int) (sizeof (double))) <= 1)];
| test_array [0] = 0;
| return test_array [0];
| 
|   ;
|   return 0;
| }
configure:20650: /Users/masterschool/.buildozer/android/platform/android-ndk-r25b/toolchains/llvm/prebuilt/darwin-x86_64/bin/clang -target aarch64-linux-android21 -fomit-frame-pointer -march=armv8-a -fPIC -c -target aarch64-linux-android21 -fomit-frame-pointer -march=armv8-a -fPIC -Wall -fexceptions -DANDROID -I/Users/masterschool/.buildozer/android/platform/android-ndk-r25b/toolchains/llvm/prebuilt/darwin-x86_64/sysroot/usr/include -I/Users/masterschool/Desktop/New_Project_Ethiopian_2026/ethiopian_coffee_game/.buildozer/android/platform/build-arm64-v8a_armeabi-v7a/build/python-installs/coffeegame/arm64-v8a/include/python3.1 conftest.c >&5
conftest.c:64:24: error: 'test_array' declared as an array with a negative size
static int test_array [1 - 2 * !(((long int) (sizeof (double))) <= 3)];
                       ^~~~~~~~~~~~~~~~~~~~~~~~~~~~~~~~~~~~~~~~~~~~~~
1 error generated.
configure:20650: $? = 1
configure: failed program was:
| /* confdefs.h */
| #define PACKAGE_NAME "libffi"
| #define PACKAGE_TARNAME "libffi"
| #define PACKAGE_VERSION "3.4.2"
| #define PACKAGE_STRING "libffi 3.4.2"
| #define PACKAGE_BUGREPORT "http://github.com/libffi/libffi/issues"
| #define PACKAGE_URL ""
| #define PACKAGE "libffi"
| #define VERSION "3.4.2"
| #define HAVE_STDIO_H 1
| #define HAVE_STDLIB_H 1
| #define HAVE_STRING_H 1
| #define HAVE_INTTYPES_H 1
| #define HAVE_STDINT_H 1
| #define HAVE_STRINGS_H 1
| #define HAVE_SYS_STAT_H 1
| #define HAVE_SYS_TYPES_H 1
| #define HAVE_UNISTD_H 1
| #define STDC_HEADERS 1
| #define HAVE_DLFCN_H 1
| #define LT_OBJDIR ".libs/"
| #define SIZEOF_SIZE_T 8
| #define HAVE_SYS_MMAN_H 1
| #define HAVE_MMAP 1
| #define HAVE_MKSTEMP 1
| #define HAVE_MMAP_FILE 1
| #define HAVE_MMAP_DEV_ZERO 1
| #define HAVE_MMAP_ANON 1
| #define HAVE_MEMCPY 1
| #define HAVE_ALLOCA_H 1
| #define HAVE_ALLOCA 1
| /* end confdefs.h.  */
| #include <stddef.h>
| #ifdef HAVE_STDIO_H
| # include <stdio.h>
| #endif
| #ifdef HAVE_STDLIB_H
| # include <stdlib.h>
| #endif
| #ifdef HAVE_STRING_H
| # include <string.h>
| #endif
| #ifdef HAVE_INTTYPES_H
| # include <inttypes.h>
| #endif
| #ifdef HAVE_STDINT_H
| # include <stdint.h>
| #endif
| #ifdef HAVE_STRINGS_H
| # include <strings.h>
| #endif
| #ifdef HAVE_SYS_TYPES_H
| # include <sys/types.h>
| #endif
| #ifdef HAVE_SYS_STAT_H
| # include <sys/stat.h>
| #endif
| #ifdef HAVE_UNISTD_H
| # include <unistd.h>
| #endif
| int
| main (void)
| {
| static int test_array [1 - 2 * !(((long int) (sizeof (double))) <= 3)];
| test_array [0] = 0;
| return test_array [0];
| 
|   ;
|   return 0;
| }
configure:20650: /Users/masterschool/.buildozer/android/platform/android-ndk-r25b/toolchains/llvm/prebuilt/darwin-x86_64/bin/clang -target aarch64-linux-android21 -fomit-frame-pointer -march=armv8-a -fPIC -c -target aarch64-linux-android21 -fomit-frame-pointer -march=armv8-a -fPIC -Wall -fexceptions -DANDROID -I/Users/masterschool/.buildozer/android/platform/android-ndk-r25b/toolchains/llvm/prebuilt/darwin-x86_64/sysroot/usr/include -I/Users/masterschool/Desktop/New_Project_Ethiopian_2026/ethiopian_coffee_game/.buildozer/android/platform/build-arm64-v8a_armeabi-v7a/build/python-installs/coffeegame/arm64-v8a/include/python3.1 conftest.c >&5
conftest.c:64:24: error: 'test_array' declared as an array with a negative size
static int test_array [1 - 2 * !(((long int) (sizeof (double))) <= 7)];
                       ^~~~~~~~~~~~~~~~~~~~~~~~~~~~~~~~~~~~~~~~~~~~~~
1 error generated.
configure:20650: $? = 1
configure: failed program was:
| /* confdefs.h */
| #define PACKAGE_NAME "libffi"
| #define PACKAGE_TARNAME "libffi"
| #define PACKAGE_VERSION "3.4.2"
| #define PACKAGE_STRING "libffi 3.4.2"
| #define PACKAGE_BUGREPORT "http://github.com/libffi/libffi/issues"
| #define PACKAGE_URL ""
| #define PACKAGE "libffi"
| #define VERSION "3.4.2"
| #define HAVE_STDIO_H 1
| #define HAVE_STDLIB_H 1
| #define HAVE_STRING_H 1
| #define HAVE_INTTYPES_H 1
| #define HAVE_STDINT_H 1
| #define HAVE_STRINGS_H 1
| #define HAVE_SYS_STAT_H 1
| #define HAVE_SYS_TYPES_H 1
| #define HAVE_UNISTD_H 1
| #define STDC_HEADERS 1
| #define HAVE_DLFCN_H 1
| #define LT_OBJDIR ".libs/"
| #define SIZEOF_SIZE_T 8
| #define HAVE_SYS_MMAN_H 1
| #define HAVE_MMAP 1
| #define HAVE_MKSTEMP 1
| #define HAVE_MMAP_FILE 1
| #define HAVE_MMAP_DEV_ZERO 1
| #define HAVE_MMAP_ANON 1
| #define HAVE_MEMCPY 1
| #define HAVE_ALLOCA_H 1
| #define HAVE_ALLOCA 1
| /* end confdefs.h.  */
| #include <stddef.h>
| #ifdef HAVE_STDIO_H
| # include <stdio.h>
| #endif
| #ifdef HAVE_STDLIB_H
| # include <stdlib.h>
| #endif
| #ifdef HAVE_STRING_H
| # include <string.h>
| #endif
| #ifdef HAVE_INTTYPES_H
| # include <inttypes.h>
| #endif
| #ifdef HAVE_STDINT_H
| # include <stdint.h>
| #endif
| #ifdef HAVE_STRINGS_H
| # include <strings.h>
| #endif
| #ifdef HAVE_SYS_TYPES_H
| # include <sys/types.h>
| #endif
| #ifdef HAVE_SYS_STAT_H
| # include <sys/stat.h>
| #endif
| #ifdef HAVE_UNISTD_H
| # include <unistd.h>
| #endif
| int
| main (void)
| {
| static int test_array [1 - 2 * !(((long int) (sizeof (double))) <= 7)];
| test_array [0] = 0;
| return test_array [0];
| 
|   ;
|   return 0;
| }
configure:20650: /Users/masterschool/.buildozer/android/platform/android-ndk-r25b/toolchains/llvm/prebuilt/darwin-x86_64/bin/clang -target aarch64-linux-android21 -fomit-frame-pointer -march=armv8-a -fPIC -c -target aarch64-linux-android21 -fomit-frame-pointer -march=armv8-a -fPIC -Wall -fexceptions -DANDROID -I/Users/masterschool/.buildozer/android/platform/android-ndk-r25b/toolchains/llvm/prebuilt/darwin-x86_64/sysroot/usr/include -I/Users/masterschool/Desktop/New_Project_Ethiopian_2026/ethiopian_coffee_game/.buildozer/android/platform/build-arm64-v8a_armeabi-v7a/build/python-installs/coffeegame/arm64-v8a/include/python3.1 conftest.c >&5
configure:20650: $? = 0
configure:20650: /Users/masterschool/.buildozer/android/platform/android-ndk-r25b/toolchains/llvm/prebuilt/darwin-x86_64/bin/clang -target aarch64-linux-android21 -fomit-frame-pointer -march=armv8-a -fPIC -c -target aarch64-linux-android21 -fomit-frame-pointer -march=armv8-a -fPIC -Wall -fexceptions -DANDROID -I/Users/masterschool/.buildozer/android/platform/android-ndk-r25b/toolchains/llvm/prebuilt/darwin-x86_64/sysroot/usr/include -I/Users/masterschool/Desktop/New_Project_Ethiopian_2026/ethiopian_coffee_game/.buildozer/android/platform/build-arm64-v8a_armeabi-v7a/build/python-installs/coffeegame/arm64-v8a/include/python3.1 conftest.c >&5
configure:20650: $? = 0
configure:20650: /Users/masterschool/.buildozer/android/platform/android-ndk-r25b/toolchains/llvm/prebuilt/darwin-x86_64/bin/clang -target aarch64-linux-android21 -fomit-frame-pointer -march=armv8-a -fPIC -c -target aarch64-linux-android21 -fomit-frame-pointer -march=armv8-a -fPIC -Wall -fexceptions -DANDROID -I/Users/masterschool/.buildozer/android/platform/android-ndk-r25b/toolchains/llvm/prebuilt/darwin-x86_64/sysroot/usr/include -I/Users/masterschool/Desktop/New_Project_Ethiopian_2026/ethiopian_coffee_game/.buildozer/android/platform/build-arm64-v8a_armeabi-v7a/build/python-installs/coffeegame/arm64-v8a/include/python3.1 conftest.c >&5
configure:20650: $? = 0
configure:20650: /Users/masterschool/.buildozer/android/platform/android-ndk-r25b/toolchains/llvm/prebuilt/darwin-x86_64/bin/clang -target aarch64-linux-android21 -fomit-frame-pointer -march=armv8-a -fPIC -c -target aarch64-linux-android21 -fomit-frame-pointer -march=armv8-a -fPIC -Wall -fexceptions -DANDROID -I/Users/masterschool/.buildozer/android/platform/android-ndk-r25b/toolchains/llvm/prebuilt/darwin-x86_64/sysroot/usr/include -I/Users/masterschool/Desktop/New_Project_Ethiopian_2026/ethiopian_coffee_game/.buildozer/android/platform/build-arm64-v8a_armeabi-v7a/build/python-installs/coffeegame/arm64-v8a/include/python3.1 conftest.c >&5
configure:20650: $? = 0
configure:20660: result: 8
configure:20672: checking size of long double
configure:20678: /Users/masterschool/.buildozer/android/platform/android-ndk-r25b/toolchains/llvm/prebuilt/darwin-x86_64/bin/clang -target aarch64-linux-android21 -fomit-frame-pointer -march=armv8-a -fPIC -c -target aarch64-linux-android21 -fomit-frame-pointer -march=armv8-a -fPIC -Wall -fexceptions -DANDROID -I/Users/masterschool/.buildozer/android/platform/android-ndk-r25b/toolchains/llvm/prebuilt/darwin-x86_64/sysroot/usr/include -I/Users/masterschool/Desktop/New_Project_Ethiopian_2026/ethiopian_coffee_game/.buildozer/android/platform/build-arm64-v8a_armeabi-v7a/build/python-installs/coffeegame/arm64-v8a/include/python3.1 conftest.c >&5
configure:20678: $? = 0
configure:20678: /Users/masterschool/.buildozer/android/platform/android-ndk-r25b/toolchains/llvm/prebuilt/darwin-x86_64/bin/clang -target aarch64-linux-android21 -fomit-frame-pointer -march=armv8-a -fPIC -c -target aarch64-linux-android21 -fomit-frame-pointer -march=armv8-a -fPIC -Wall -fexceptions -DANDROID -I/Users/masterschool/.buildozer/android/platform/android-ndk-r25b/toolchains/llvm/prebuilt/darwin-x86_64/sysroot/usr/include -I/Users/masterschool/Desktop/New_Project_Ethiopian_2026/ethiopian_coffee_game/.buildozer/android/platform/build-arm64-v8a_armeabi-v7a/build/python-installs/coffeegame/arm64-v8a/include/python3.1 conftest.c >&5
conftest.c:65:24: error: 'test_array' declared as an array with a negative size
static int test_array [1 - 2 * !(((long int) (sizeof (long double))) <= 0)];
                       ^~~~~~~~~~~~~~~~~~~~~~~~~~~~~~~~~~~~~~~~~~~~~~~~~~~
1 error generated.
configure:20678: $? = 1
configure: failed program was:
| /* confdefs.h */
| #define PACKAGE_NAME "libffi"
| #define PACKAGE_TARNAME "libffi"
| #define PACKAGE_VERSION "3.4.2"
| #define PACKAGE_STRING "libffi 3.4.2"
| #define PACKAGE_BUGREPORT "http://github.com/libffi/libffi/issues"
| #define PACKAGE_URL ""
| #define PACKAGE "libffi"
| #define VERSION "3.4.2"
| #define HAVE_STDIO_H 1
| #define HAVE_STDLIB_H 1
| #define HAVE_STRING_H 1
| #define HAVE_INTTYPES_H 1
| #define HAVE_STDINT_H 1
| #define HAVE_STRINGS_H 1
| #define HAVE_SYS_STAT_H 1
| #define HAVE_SYS_TYPES_H 1
| #define HAVE_UNISTD_H 1
| #define STDC_HEADERS 1
| #define HAVE_DLFCN_H 1
| #define LT_OBJDIR ".libs/"
| #define SIZEOF_SIZE_T 8
| #define HAVE_SYS_MMAN_H 1
| #define HAVE_MMAP 1
| #define HAVE_MKSTEMP 1
| #define HAVE_MMAP_FILE 1
| #define HAVE_MMAP_DEV_ZERO 1
| #define HAVE_MMAP_ANON 1
| #define HAVE_MEMCPY 1
| #define HAVE_ALLOCA_H 1
| #define HAVE_ALLOCA 1
| #define SIZEOF_DOUBLE 8
| /* end confdefs.h.  */
| #include <stddef.h>
| #ifdef HAVE_STDIO_H
| # include <stdio.h>
| #endif
| #ifdef HAVE_STDLIB_H
| # include <stdlib.h>
| #endif
| #ifdef HAVE_STRING_H
| # include <string.h>
| #endif
| #ifdef HAVE_INTTYPES_H
| # include <inttypes.h>
| #endif
| #ifdef HAVE_STDINT_H
| # include <stdint.h>
| #endif
| #ifdef HAVE_STRINGS_H
| # include <strings.h>
| #endif
| #ifdef HAVE_SYS_TYPES_H
| # include <sys/types.h>
| #endif
| #ifdef HAVE_SYS_STAT_H
| # include <sys/stat.h>
| #endif
| #ifdef HAVE_UNISTD_H
| # include <unistd.h>
| #endif
| int
| main (void)
| {
| static int test_array [1 - 2 * !(((long int) (sizeof (long double))) <= 0)];
| test_array [0] = 0;
| return test_array [0];
| 
|   ;
|   return 0;
| }
configure:20678: /Users/masterschool/.buildozer/android/platform/android-ndk-r25b/toolchains/llvm/prebuilt/darwin-x86_64/bin/clang -target aarch64-linux-android21 -fomit-frame-pointer -march=armv8-a -fPIC -c -target aarch64-linux-android21 -fomit-frame-pointer -march=armv8-a -fPIC -Wall -fexceptions -DANDROID -I/Users/masterschool/.buildozer/android/platform/android-ndk-r25b/toolchains/llvm/prebuilt/darwin-x86_64/sysroot/usr/include -I/Users/masterschool/Desktop/New_Project_Ethiopian_2026/ethiopian_coffee_game/.buildozer/android/platform/build-arm64-v8a_armeabi-v7a/build/python-installs/coffeegame/arm64-v8a/include/python3.1 conftest.c >&5
conftest.c:65:24: error: 'test_array' declared as an array with a negative size
static int test_array [1 - 2 * !(((long int) (sizeof (long double))) <= 1)];
                       ^~~~~~~~~~~~~~~~~~~~~~~~~~~~~~~~~~~~~~~~~~~~~~~~~~~
1 error generated.
configure:20678: $? = 1
configure: failed program was:
| /* confdefs.h */
| #define PACKAGE_NAME "libffi"
| #define PACKAGE_TARNAME "libffi"
| #define PACKAGE_VERSION "3.4.2"
| #define PACKAGE_STRING "libffi 3.4.2"
| #define PACKAGE_BUGREPORT "http://github.com/libffi/libffi/issues"
| #define PACKAGE_URL ""
| #define PACKAGE "libffi"
| #define VERSION "3.4.2"
| #define HAVE_STDIO_H 1
| #define HAVE_STDLIB_H 1
| #define HAVE_STRING_H 1
| #define HAVE_INTTYPES_H 1
| #define HAVE_STDINT_H 1
| #define HAVE_STRINGS_H 1
| #define HAVE_SYS_STAT_H 1
| #define HAVE_SYS_TYPES_H 1
| #define HAVE_UNISTD_H 1
| #define STDC_HEADERS 1
| #define HAVE_DLFCN_H 1
| #define LT_OBJDIR ".libs/"
| #define SIZEOF_SIZE_T 8
| #define HAVE_SYS_MMAN_H 1
| #define HAVE_MMAP 1
| #define HAVE_MKSTEMP 1
| #define HAVE_MMAP_FILE 1
| #define HAVE_MMAP_DEV_ZERO 1
| #define HAVE_MMAP_ANON 1
| #define HAVE_MEMCPY 1
| #define HAVE_ALLOCA_H 1
| #define HAVE_ALLOCA 1
| #define SIZEOF_DOUBLE 8
| /* end confdefs.h.  */
| #include <stddef.h>
| #ifdef HAVE_STDIO_H
| # include <stdio.h>
| #endif
| #ifdef HAVE_STDLIB_H
| # include <stdlib.h>
| #endif
| #ifdef HAVE_STRING_H
| # include <string.h>
| #endif
| #ifdef HAVE_INTTYPES_H
| # include <inttypes.h>
| #endif
| #ifdef HAVE_STDINT_H
| # include <stdint.h>
| #endif
| #ifdef HAVE_STRINGS_H
| # include <strings.h>
| #endif
| #ifdef HAVE_SYS_TYPES_H
| # include <sys/types.h>
| #endif
| #ifdef HAVE_SYS_STAT_H
| # include <sys/stat.h>
| #endif
| #ifdef HAVE_UNISTD_H
| # include <unistd.h>
| #endif
| int
| main (void)
| {
| static int test_array [1 - 2 * !(((long int) (sizeof (long double))) <= 1)];
| test_array [0] = 0;
| return test_array [0];
| 
|   ;
|   return 0;
| }
configure:20678: /Users/masterschool/.buildozer/android/platform/android-ndk-r25b/toolchains/llvm/prebuilt/darwin-x86_64/bin/clang -target aarch64-linux-android21 -fomit-frame-pointer -march=armv8-a -fPIC -c -target aarch64-linux-android21 -fomit-frame-pointer -march=armv8-a -fPIC -Wall -fexceptions -DANDROID -I/Users/masterschool/.buildozer/android/platform/android-ndk-r25b/toolchains/llvm/prebuilt/darwin-x86_64/sysroot/usr/include -I/Users/masterschool/Desktop/New_Project_Ethiopian_2026/ethiopian_coffee_game/.buildozer/android/platform/build-arm64-v8a_armeabi-v7a/build/python-installs/coffeegame/arm64-v8a/include/python3.1 conftest.c >&5
conftest.c:65:24: error: 'test_array' declared as an array with a negative size
static int test_array [1 - 2 * !(((long int) (sizeof (long double))) <= 3)];
                       ^~~~~~~~~~~~~~~~~~~~~~~~~~~~~~~~~~~~~~~~~~~~~~~~~~~
1 error generated.
configure:20678: $? = 1
configure: failed program was:
| /* confdefs.h */
| #define PACKAGE_NAME "libffi"
| #define PACKAGE_TARNAME "libffi"
| #define PACKAGE_VERSION "3.4.2"
| #define PACKAGE_STRING "libffi 3.4.2"
| #define PACKAGE_BUGREPORT "http://github.com/libffi/libffi/issues"
| #define PACKAGE_URL ""
| #define PACKAGE "libffi"
| #define VERSION "3.4.2"
| #define HAVE_STDIO_H 1
| #define HAVE_STDLIB_H 1
| #define HAVE_STRING_H 1
| #define HAVE_INTTYPES_H 1
| #define HAVE_STDINT_H 1
| #define HAVE_STRINGS_H 1
| #define HAVE_SYS_STAT_H 1
| #define HAVE_SYS_TYPES_H 1
| #define HAVE_UNISTD_H 1
| #define STDC_HEADERS 1
| #define HAVE_DLFCN_H 1
| #define LT_OBJDIR ".libs/"
| #define SIZEOF_SIZE_T 8
| #define HAVE_SYS_MMAN_H 1
| #define HAVE_MMAP 1
| #define HAVE_MKSTEMP 1
| #define HAVE_MMAP_FILE 1
| #define HAVE_MMAP_DEV_ZERO 1
| #define HAVE_MMAP_ANON 1
| #define HAVE_MEMCPY 1
| #define HAVE_ALLOCA_H 1
| #define HAVE_ALLOCA 1
| #define SIZEOF_DOUBLE 8
| /* end confdefs.h.  */
| #include <stddef.h>
| #ifdef HAVE_STDIO_H
| # include <stdio.h>
| #endif
| #ifdef HAVE_STDLIB_H
| # include <stdlib.h>
| #endif
| #ifdef HAVE_STRING_H
| # include <string.h>
| #endif
| #ifdef HAVE_INTTYPES_H
| # include <inttypes.h>
| #endif
| #ifdef HAVE_STDINT_H
| # include <stdint.h>
| #endif
| #ifdef HAVE_STRINGS_H
| # include <strings.h>
| #endif
| #ifdef HAVE_SYS_TYPES_H
| # include <sys/types.h>
| #endif
| #ifdef HAVE_SYS_STAT_H
| # include <sys/stat.h>
| #endif
| #ifdef HAVE_UNISTD_H
| # include <unistd.h>
| #endif
| int
| main (void)
| {
| static int test_array [1 - 2 * !(((long int) (sizeof (long double))) <= 3)];
| test_array [0] = 0;
| return test_array [0];
| 
|   ;
|   return 0;
| }
configure:20678: /Users/masterschool/.buildozer/android/platform/android-ndk-r25b/toolchains/llvm/prebuilt/darwin-x86_64/bin/clang -target aarch64-linux-android21 -fomit-frame-pointer -march=armv8-a -fPIC -c -target aarch64-linux-android21 -fomit-frame-pointer -march=armv8-a -fPIC -Wall -fexceptions -DANDROID -I/Users/masterschool/.buildozer/android/platform/android-ndk-r25b/toolchains/llvm/prebuilt/darwin-x86_64/sysroot/usr/include -I/Users/masterschool/Desktop/New_Project_Ethiopian_2026/ethiopian_coffee_game/.buildozer/android/platform/build-arm64-v8a_armeabi-v7a/build/python-installs/coffeegame/arm64-v8a/include/python3.1 conftest.c >&5
conftest.c:65:24: error: 'test_array' declared as an array with a negative size
static int test_array [1 - 2 * !(((long int) (sizeof (long double))) <= 7)];
                       ^~~~~~~~~~~~~~~~~~~~~~~~~~~~~~~~~~~~~~~~~~~~~~~~~~~
1 error generated.
configure:20678: $? = 1
configure: failed program was:
| /* confdefs.h */
| #define PACKAGE_NAME "libffi"
| #define PACKAGE_TARNAME "libffi"
| #define PACKAGE_VERSION "3.4.2"
| #define PACKAGE_STRING "libffi 3.4.2"
| #define PACKAGE_BUGREPORT "http://github.com/libffi/libffi/issues"
| #define PACKAGE_URL ""
| #define PACKAGE "libffi"
| #define VERSION "3.4.2"
| #define HAVE_STDIO_H 1
| #define HAVE_STDLIB_H 1
| #define HAVE_STRING_H 1
| #define HAVE_INTTYPES_H 1
| #define HAVE_STDINT_H 1
| #define HAVE_STRINGS_H 1
| #define HAVE_SYS_STAT_H 1
| #define HAVE_SYS_TYPES_H 1
| #define HAVE_UNISTD_H 1
| #define STDC_HEADERS 1
| #define HAVE_DLFCN_H 1
| #define LT_OBJDIR ".libs/"
| #define SIZEOF_SIZE_T 8
| #define HAVE_SYS_MMAN_H 1
| #define HAVE_MMAP 1
| #define HAVE_MKSTEMP 1
| #define HAVE_MMAP_FILE 1
| #define HAVE_MMAP_DEV_ZERO 1
| #define HAVE_MMAP_ANON 1
| #define HAVE_MEMCPY 1
| #define HAVE_ALLOCA_H 1
| #define HAVE_ALLOCA 1
| #define SIZEOF_DOUBLE 8
| /* end confdefs.h.  */
| #include <stddef.h>
| #ifdef HAVE_STDIO_H
| # include <stdio.h>
| #endif
| #ifdef HAVE_STDLIB_H
| # include <stdlib.h>
| #endif
| #ifdef HAVE_STRING_H
| # include <string.h>
| #endif
| #ifdef HAVE_INTTYPES_H
| # include <inttypes.h>
| #endif
| #ifdef HAVE_STDINT_H
| # include <stdint.h>
| #endif
| #ifdef HAVE_STRINGS_H
| # include <strings.h>
| #endif
| #ifdef HAVE_SYS_TYPES_H
| # include <sys/types.h>
| #endif
| #ifdef HAVE_SYS_STAT_H
| # include <sys/stat.h>
| #endif
| #ifdef HAVE_UNISTD_H
| # include <unistd.h>
| #endif
| int
| main (void)
| {
| static int test_array [1 - 2 * !(((long int) (sizeof (long double))) <= 7)];
| test_array [0] = 0;
| return test_array [0];
| 
|   ;
|   return 0;
| }
configure:20678: /Users/masterschool/.buildozer/android/platform/android-ndk-r25b/toolchains/llvm/prebuilt/darwin-x86_64/bin/clang -target aarch64-linux-android21 -fomit-frame-pointer -march=armv8-a -fPIC -c -target aarch64-linux-android21 -fomit-frame-pointer -march=armv8-a -fPIC -Wall -fexceptions -DANDROID -I/Users/masterschool/.buildozer/android/platform/android-ndk-r25b/toolchains/llvm/prebuilt/darwin-x86_64/sysroot/usr/include -I/Users/masterschool/Desktop/New_Project_Ethiopian_2026/ethiopian_coffee_game/.buildozer/android/platform/build-arm64-v8a_armeabi-v7a/build/python-installs/coffeegame/arm64-v8a/include/python3.1 conftest.c >&5
conftest.c:65:24: error: 'test_array' declared as an array with a negative size
static int test_array [1 - 2 * !(((long int) (sizeof (long double))) <= 15)];
                       ^~~~~~~~~~~~~~~~~~~~~~~~~~~~~~~~~~~~~~~~~~~~~~~~~~~~
1 error generated.
configure:20678: $? = 1
configure: failed program was:
| /* confdefs.h */
| #define PACKAGE_NAME "libffi"
| #define PACKAGE_TARNAME "libffi"
| #define PACKAGE_VERSION "3.4.2"
| #define PACKAGE_STRING "libffi 3.4.2"
| #define PACKAGE_BUGREPORT "http://github.com/libffi/libffi/issues"
| #define PACKAGE_URL ""
| #define PACKAGE "libffi"
| #define VERSION "3.4.2"
| #define HAVE_STDIO_H 1
| #define HAVE_STDLIB_H 1
| #define HAVE_STRING_H 1
| #define HAVE_INTTYPES_H 1
| #define HAVE_STDINT_H 1
| #define HAVE_STRINGS_H 1
| #define HAVE_SYS_STAT_H 1
| #define HAVE_SYS_TYPES_H 1
| #define HAVE_UNISTD_H 1
| #define STDC_HEADERS 1
| #define HAVE_DLFCN_H 1
| #define LT_OBJDIR ".libs/"
| #define SIZEOF_SIZE_T 8
| #define HAVE_SYS_MMAN_H 1
| #define HAVE_MMAP 1
| #define HAVE_MKSTEMP 1
| #define HAVE_MMAP_FILE 1
| #define HAVE_MMAP_DEV_ZERO 1
| #define HAVE_MMAP_ANON 1
| #define HAVE_MEMCPY 1
| #define HAVE_ALLOCA_H 1
| #define HAVE_ALLOCA 1
| #define SIZEOF_DOUBLE 8
| /* end confdefs.h.  */
| #include <stddef.h>
| #ifdef HAVE_STDIO_H
| # include <stdio.h>
| #endif
| #ifdef HAVE_STDLIB_H
| # include <stdlib.h>
| #endif
| #ifdef HAVE_STRING_H
| # include <string.h>
| #endif
| #ifdef HAVE_INTTYPES_H
| # include <inttypes.h>
| #endif
| #ifdef HAVE_STDINT_H
| # include <stdint.h>
| #endif
| #ifdef HAVE_STRINGS_H
| # include <strings.h>
| #endif
| #ifdef HAVE_SYS_TYPES_H
| # include <sys/types.h>
| #endif
| #ifdef HAVE_SYS_STAT_H
| # include <sys/stat.h>
| #endif
| #ifdef HAVE_UNISTD_H
| # include <unistd.h>
| #endif
| int
| main (void)
| {
| static int test_array [1 - 2 * !(((long int) (sizeof (long double))) <= 15)];
| test_array [0] = 0;
| return test_array [0];
| 
|   ;
|   return 0;
| }
configure:20678: /Users/masterschool/.buildozer/android/platform/android-ndk-r25b/toolchains/llvm/prebuilt/darwin-x86_64/bin/clang -target aarch64-linux-android21 -fomit-frame-pointer -march=armv8-a -fPIC -c -target aarch64-linux-android21 -fomit-frame-pointer -march=armv8-a -fPIC -Wall -fexceptions -DANDROID -I/Users/masterschool/.buildozer/android/platform/android-ndk-r25b/toolchains/llvm/prebuilt/darwin-x86_64/sysroot/usr/include -I/Users/masterschool/Desktop/New_Project_Ethiopian_2026/ethiopian_coffee_game/.buildozer/android/platform/build-arm64-v8a_armeabi-v7a/build/python-installs/coffeegame/arm64-v8a/include/python3.1 conftest.c >&5
configure:20678: $? = 0
configure:20678: /Users/masterschool/.buildozer/android/platform/android-ndk-r25b/toolchains/llvm/prebuilt/darwin-x86_64/bin/clang -target aarch64-linux-android21 -fomit-frame-pointer -march=armv8-a -fPIC -c -target aarch64-linux-android21 -fomit-frame-pointer -march=armv8-a -fPIC -Wall -fexceptions -DANDROID -I/Users/masterschool/.buildozer/android/platform/android-ndk-r25b/toolchains/llvm/prebuilt/darwin-x86_64/sysroot/usr/include -I/Users/masterschool/Desktop/New_Project_Ethiopian_2026/ethiopian_coffee_game/.buildozer/android/platform/build-arm64-v8a_armeabi-v7a/build/python-installs/coffeegame/arm64-v8a/include/python3.1 conftest.c >&5
configure:20678: $? = 0
configure:20678: /Users/masterschool/.buildozer/android/platform/android-ndk-r25b/toolchains/llvm/prebuilt/darwin-x86_64/bin/clang -target aarch64-linux-android21 -fomit-frame-pointer -march=armv8-a -fPIC -c -target aarch64-linux-android21 -fomit-frame-pointer -march=armv8-a -fPIC -Wall -fexceptions -DANDROID -I/Users/masterschool/.buildozer/android/platform/android-ndk-r25b/toolchains/llvm/prebuilt/darwin-x86_64/sysroot/usr/include -I/Users/masterschool/Desktop/New_Project_Ethiopian_2026/ethiopian_coffee_game/.buildozer/android/platform/build-arm64-v8a_armeabi-v7a/build/python-installs/coffeegame/arm64-v8a/include/python3.1 conftest.c >&5
configure:20678: $? = 0
configure:20678: /Users/masterschool/.buildozer/android/platform/android-ndk-r25b/toolchains/llvm/prebuilt/darwin-x86_64/bin/clang -target aarch64-linux-android21 -fomit-frame-pointer -march=armv8-a -fPIC -c -target aarch64-linux-android21 -fomit-frame-pointer -march=armv8-a -fPIC -Wall -fexceptions -DANDROID -I/Users/masterschool/.buildozer/android/platform/android-ndk-r25b/toolchains/llvm/prebuilt/darwin-x86_64/sysroot/usr/include -I/Users/masterschool/Desktop/New_Project_Ethiopian_2026/ethiopian_coffee_game/.buildozer/android/platform/build-arm64-v8a_armeabi-v7a/build/python-installs/coffeegame/arm64-v8a/include/python3.1 conftest.c >&5
configure:20678: $? = 0
configure:20678: /Users/masterschool/.buildozer/android/platform/android-ndk-r25b/toolchains/llvm/prebuilt/darwin-x86_64/bin/clang -target aarch64-linux-android21 -fomit-frame-pointer -march=armv8-a -fPIC -c -target aarch64-linux-android21 -fomit-frame-pointer -march=armv8-a -fPIC -Wall -fexceptions -DANDROID -I/Users/masterschool/.buildozer/android/platform/android-ndk-r25b/toolchains/llvm/prebuilt/darwin-x86_64/sysroot/usr/include -I/Users/masterschool/Desktop/New_Project_Ethiopian_2026/ethiopian_coffee_game/.buildozer/android/platform/build-arm64-v8a_armeabi-v7a/build/python-installs/coffeegame/arm64-v8a/include/python3.1 conftest.c >&5
configure:20678: $? = 0
configure:20688: result: 16
configure:20719: checking whether byte ordering is bigendian
configure:20735: /Users/masterschool/.buildozer/android/platform/android-ndk-r25b/toolchains/llvm/prebuilt/darwin-x86_64/bin/clang -target aarch64-linux-android21 -fomit-frame-pointer -march=armv8-a -fPIC -c -target aarch64-linux-android21 -fomit-frame-pointer -march=armv8-a -fPIC -Wall -fexceptions -DANDROID -I/Users/masterschool/.buildozer/android/platform/android-ndk-r25b/toolchains/llvm/prebuilt/darwin-x86_64/sysroot/usr/include -I/Users/masterschool/Desktop/New_Project_Ethiopian_2026/ethiopian_coffee_game/.buildozer/android/platform/build-arm64-v8a_armeabi-v7a/build/python-installs/coffeegame/arm64-v8a/include/python3.1 conftest.c >&5
conftest.c:37:9: error: unknown type name 'not'
               not a universal capable compiler
               ^
conftest.c:37:14: error: expected ';' after top level declarator
               not a universal capable compiler
                    ^
                    ;
2 errors generated.
configure:20735: $? = 1
configure: failed program was:
| /* confdefs.h */
| #define PACKAGE_NAME "libffi"
| #define PACKAGE_TARNAME "libffi"
| #define PACKAGE_VERSION "3.4.2"
| #define PACKAGE_STRING "libffi 3.4.2"
| #define PACKAGE_BUGREPORT "http://github.com/libffi/libffi/issues"
| #define PACKAGE_URL ""
| #define PACKAGE "libffi"
| #define VERSION "3.4.2"
| #define HAVE_STDIO_H 1
| #define HAVE_STDLIB_H 1
| #define HAVE_STRING_H 1
| #define HAVE_INTTYPES_H 1
| #define HAVE_STDINT_H 1
| #define HAVE_STRINGS_H 1
| #define HAVE_SYS_STAT_H 1
| #define HAVE_SYS_TYPES_H 1
| #define HAVE_UNISTD_H 1
| #define STDC_HEADERS 1
| #define HAVE_DLFCN_H 1
| #define LT_OBJDIR ".libs/"
| #define SIZEOF_SIZE_T 8
| #define HAVE_SYS_MMAN_H 1
| #define HAVE_MMAP 1
| #define HAVE_MKSTEMP 1
| #define HAVE_MMAP_FILE 1
| #define HAVE_MMAP_DEV_ZERO 1
| #define HAVE_MMAP_ANON 1
| #define HAVE_MEMCPY 1
| #define HAVE_ALLOCA_H 1
| #define HAVE_ALLOCA 1
| #define SIZEOF_DOUBLE 8
| #define SIZEOF_LONG_DOUBLE 16
| #define HAVE_LONG_DOUBLE 1
| /* end confdefs.h.  */
| #ifndef __APPLE_CC__
| 	       not a universal capable compiler
| 	     #endif
| 	     typedef int dummy;
| 
configure:20781: /Users/masterschool/.buildozer/android/platform/android-ndk-r25b/toolchains/llvm/prebuilt/darwin-x86_64/bin/clang -target aarch64-linux-android21 -fomit-frame-pointer -march=armv8-a -fPIC -c -target aarch64-linux-android21 -fomit-frame-pointer -march=armv8-a -fPIC -Wall -fexceptions -DANDROID -I/Users/masterschool/.buildozer/android/platform/android-ndk-r25b/toolchains/llvm/prebuilt/darwin-x86_64/sysroot/usr/include -I/Users/masterschool/Desktop/New_Project_Ethiopian_2026/ethiopian_coffee_game/.buildozer/android/platform/build-arm64-v8a_armeabi-v7a/build/python-installs/coffeegame/arm64-v8a/include/python3.1 conftest.c >&5
configure:20781: $? = 0
configure:20800: /Users/masterschool/.buildozer/android/platform/android-ndk-r25b/toolchains/llvm/prebuilt/darwin-x86_64/bin/clang -target aarch64-linux-android21 -fomit-frame-pointer -march=armv8-a -fPIC -c -target aarch64-linux-android21 -fomit-frame-pointer -march=armv8-a -fPIC -Wall -fexceptions -DANDROID -I/Users/masterschool/.buildozer/android/platform/android-ndk-r25b/toolchains/llvm/prebuilt/darwin-x86_64/sysroot/usr/include -I/Users/masterschool/Desktop/New_Project_Ethiopian_2026/ethiopian_coffee_game/.buildozer/android/platform/build-arm64-v8a_armeabi-v7a/build/python-installs/coffeegame/arm64-v8a/include/python3.1 conftest.c >&5
conftest.c:43:4: error: use of undeclared identifier 'not'
                 not big endian
                 ^
1 error generated.
configure:20800: $? = 1
configure: failed program was:
| /* confdefs.h */
| #define PACKAGE_NAME "libffi"
| #define PACKAGE_TARNAME "libffi"
| #define PACKAGE_VERSION "3.4.2"
| #define PACKAGE_STRING "libffi 3.4.2"
| #define PACKAGE_BUGREPORT "http://github.com/libffi/libffi/issues"
| #define PACKAGE_URL ""
| #define PACKAGE "libffi"
| #define VERSION "3.4.2"
| #define HAVE_STDIO_H 1
| #define HAVE_STDLIB_H 1
| #define HAVE_STRING_H 1
| #define HAVE_INTTYPES_H 1
| #define HAVE_STDINT_H 1
| #define HAVE_STRINGS_H 1
| #define HAVE_SYS_STAT_H 1
| #define HAVE_SYS_TYPES_H 1
| #define HAVE_UNISTD_H 1
| #define STDC_HEADERS 1
| #define HAVE_DLFCN_H 1
| #define LT_OBJDIR ".libs/"
| #define SIZEOF_SIZE_T 8
| #define HAVE_SYS_MMAN_H 1
| #define HAVE_MMAP 1
| #define HAVE_MKSTEMP 1
| #define HAVE_MMAP_FILE 1
| #define HAVE_MMAP_DEV_ZERO 1
| #define HAVE_MMAP_ANON 1
| #define HAVE_MEMCPY 1
| #define HAVE_ALLOCA_H 1
| #define HAVE_ALLOCA 1
| #define SIZEOF_DOUBLE 8
| #define SIZEOF_LONG_DOUBLE 16
| #define HAVE_LONG_DOUBLE 1
| /* end confdefs.h.  */
| #include <sys/types.h>
| 		#include <sys/param.h>
| 
| int
| main (void)
| {
| #if BYTE_ORDER != BIG_ENDIAN
| 		 not big endian
| 		#endif
| 
|   ;
|   return 0;
| }
configure:20941: result: no
configure:20960: checking assembler .cfi pseudo-op support
configure:20979: /Users/masterschool/.buildozer/android/platform/android-ndk-r25b/toolchains/llvm/prebuilt/darwin-x86_64/bin/clang -target aarch64-linux-android21 -fomit-frame-pointer -march=armv8-a -fPIC -c -target aarch64-linux-android21 -fomit-frame-pointer -march=armv8-a -fPIC -Wall -fexceptions -DANDROID -I/Users/masterschool/.buildozer/android/platform/android-ndk-r25b/toolchains/llvm/prebuilt/darwin-x86_64/sysroot/usr/include -I/Users/masterschool/Desktop/New_Project_Ethiopian_2026/ethiopian_coffee_game/.buildozer/android/platform/build-arm64-v8a_armeabi-v7a/build/python-installs/coffeegame/arm64-v8a/include/python3.1 conftest.c >&5
configure:20979: $? = 0
configure:20990: result: yes
configure:21137: checking whether compiler supports pointer authentication
configure:21166: /Users/masterschool/.buildozer/android/platform/android-ndk-r25b/toolchains/llvm/prebuilt/darwin-x86_64/bin/clang -target aarch64-linux-android21 -fomit-frame-pointer -march=armv8-a -fPIC -c -target aarch64-linux-android21 -fomit-frame-pointer -march=armv8-a -fPIC -Wall -fexceptions -DANDROID -I/Users/masterschool/.buildozer/android/platform/android-ndk-r25b/toolchains/llvm/prebuilt/darwin-x86_64/sysroot/usr/include -I/Users/masterschool/Desktop/New_Project_Ethiopian_2026/ethiopian_coffee_game/.buildozer/android/platform/build-arm64-v8a_armeabi-v7a/build/python-installs/coffeegame/arm64-v8a/include/python3.1 conftest.c >&5
conftest.c:49:3: error: Pointer authentication not supported
# error Pointer authentication not supported
  ^
1 error generated.
configure:21166: $? = 1
configure: failed program was:
| /* confdefs.h */
| #define PACKAGE_NAME "libffi"
| #define PACKAGE_TARNAME "libffi"
| #define PACKAGE_VERSION "3.4.2"
| #define PACKAGE_STRING "libffi 3.4.2"
| #define PACKAGE_BUGREPORT "http://github.com/libffi/libffi/issues"
| #define PACKAGE_URL ""
| #define PACKAGE "libffi"
| #define VERSION "3.4.2"
| #define HAVE_STDIO_H 1
| #define HAVE_STDLIB_H 1
| #define HAVE_STRING_H 1
| #define HAVE_INTTYPES_H 1
| #define HAVE_STDINT_H 1
| #define HAVE_STRINGS_H 1
| #define HAVE_SYS_STAT_H 1
| #define HAVE_SYS_TYPES_H 1
| #define HAVE_UNISTD_H 1
| #define STDC_HEADERS 1
| #define HAVE_DLFCN_H 1
| #define LT_OBJDIR ".libs/"
| #define SIZEOF_SIZE_T 8
| #define HAVE_SYS_MMAN_H 1
| #define HAVE_MMAP 1
| #define HAVE_MKSTEMP 1
| #define HAVE_MMAP_FILE 1
| #define HAVE_MMAP_DEV_ZERO 1
| #define HAVE_MMAP_ANON 1
| #define HAVE_MEMCPY 1
| #define HAVE_ALLOCA_H 1
| #define HAVE_ALLOCA 1
| #define SIZEOF_DOUBLE 8
| #define SIZEOF_LONG_DOUBLE 16
| #define HAVE_LONG_DOUBLE 1
| #define HAVE_AS_CFI_PSEUDO_OP 1
| /* end confdefs.h.  */
| 
| int
| main (void)
| {
| 
| #ifdef __clang__
| # if __has_feature(ptrauth_calls)
| #  define HAVE_PTRAUTH 1
| # endif
| #endif
| 
| #ifndef HAVE_PTRAUTH
| # error Pointer authentication not supported
| #endif
| 
|   ;
|   return 0;
| }
configure:21177: result: no
configure:21197: checking for _ prefix in compiled symbols
configure:21208: /Users/masterschool/.buildozer/android/platform/android-ndk-r25b/toolchains/llvm/prebuilt/darwin-x86_64/bin/clang -target aarch64-linux-android21 -fomit-frame-pointer -march=armv8-a -fPIC -c -target aarch64-linux-android21 -fomit-frame-pointer -march=armv8-a -fPIC -Wall -fexceptions -DANDROID -I/Users/masterschool/.buildozer/android/platform/android-ndk-r25b/toolchains/llvm/prebuilt/darwin-x86_64/sysroot/usr/include -I/Users/masterschool/Desktop/New_Project_Ethiopian_2026/ethiopian_coffee_game/.buildozer/android/platform/build-arm64-v8a_armeabi-v7a/build/python-installs/coffeegame/arm64-v8a/include/python3.1 conftest.c >&5
conftest.c:2:16: warning: expression result unused [-Wunused-value]
int main(void){nm_test_func;return 0;}
               ^~~~~~~~~~~~
1 warning generated.
configure:21211: $? = 0
configure:21215: nm conftest.o \| /usr/bin/sed -n -e 's/^.*[	 ]\([ABCDGIRSTW][ABCDGIRSTW]*\)[	 ][	 ]*\([_A-Za-z][_A-Za-z0-9]*\)$/\1 \2 \2/p' | /usr/bin/sed '/ __gnu_lto/d' \> conftest.nm
configure:21218: $? = 0
configure:21241: result: no
configure:21318: checking whether C compiler accepts -fno-lto
configure:21338: /Users/masterschool/.buildozer/android/platform/android-ndk-r25b/toolchains/llvm/prebuilt/darwin-x86_64/bin/clang -target aarch64-linux-android21 -fomit-frame-pointer -march=armv8-a -fPIC -c -target aarch64-linux-android21 -fomit-frame-pointer -march=armv8-a -fPIC -Wall -fexceptions  -fno-lto -DANDROID -I/Users/masterschool/.buildozer/android/platform/android-ndk-r25b/toolchains/llvm/prebuilt/darwin-x86_64/sysroot/usr/include -I/Users/masterschool/Desktop/New_Project_Ethiopian_2026/ethiopian_coffee_game/.buildozer/android/platform/build-arm64-v8a_armeabi-v7a/build/python-installs/coffeegame/arm64-v8a/include/python3.1 conftest.c >&5
configure:21338: $? = 0
configure:21349: result: yes
configure:21360: checking whether .eh_frame section should be read-only
configure:21378: result: yes
configure:21393: checking for __attribute__((visibility("hidden")))
configure:21403: /Users/masterschool/.buildozer/android/platform/android-ndk-r25b/toolchains/llvm/prebuilt/darwin-x86_64/bin/clang -target aarch64-linux-android21 -fomit-frame-pointer -march=armv8-a -fPIC -Werror -S conftest.c -o conftest.s 1>&5
configure:21406: $? = 0
configure:21416: result: yes
configure:21583: checking for ld used by /Users/masterschool/.buildozer/android/platform/android-ndk-r25b/toolchains/llvm/prebuilt/darwin-x86_64/bin/clang -target aarch64-linux-android21 -fomit-frame-pointer -march=armv8-a -fPIC
configure:21652: result: /Users/masterschool/.buildozer/android/platform/android-ndk-r25b/toolchains/llvm/prebuilt/darwin-x86_64/bin/ld
configure:21659: checking if the linker (/Users/masterschool/.buildozer/android/platform/android-ndk-r25b/toolchains/llvm/prebuilt/darwin-x86_64/bin/ld) is GNU ld
configure:21676: result: yes
configure:21856: checking for shared libgcc
configure:21871: /Users/masterschool/.buildozer/android/platform/android-ndk-r25b/toolchains/llvm/prebuilt/darwin-x86_64/bin/clang -target aarch64-linux-android21 -fomit-frame-pointer -march=armv8-a -fPIC -o conftest  -lgcc_s -DANDROID -I/Users/masterschool/.buildozer/android/platform/android-ndk-r25b/toolchains/llvm/prebuilt/darwin-x86_64/sysroot/usr/include -I/Users/masterschool/Desktop/New_Project_Ethiopian_2026/ethiopian_coffee_game/.buildozer/android/platform/build-arm64-v8a_armeabi-v7a/build/python-installs/coffeegame/arm64-v8a/include/python3.1   -L/Users/masterschool/Desktop/New_Project_Ethiopian_2026/ethiopian_coffee_game/.buildozer/android/platform/build-arm64-v8a_armeabi-v7a/build/libs_collections/coffeegame/arm64-v8a conftest.c  >&5
ld: error: unable to find library -lgcc_s
clang-14: error: linker command failed with exit code 1 (use -v to see invocation)
configure:21871: $? = 1
configure: failed program was:
| /* confdefs.h */
| #define PACKAGE_NAME "libffi"
| #define PACKAGE_TARNAME "libffi"
| #define PACKAGE_VERSION "3.4.2"
| #define PACKAGE_STRING "libffi 3.4.2"
| #define PACKAGE_BUGREPORT "http://github.com/libffi/libffi/issues"
| #define PACKAGE_URL ""
| #define PACKAGE "libffi"
| #define VERSION "3.4.2"
| #define HAVE_STDIO_H 1
| #define HAVE_STDLIB_H 1
| #define HAVE_STRING_H 1
| #define HAVE_INTTYPES_H 1
| #define HAVE_STDINT_H 1
| #define HAVE_STRINGS_H 1
| #define HAVE_SYS_STAT_H 1
| #define HAVE_SYS_TYPES_H 1
| #define HAVE_UNISTD_H 1
| #define STDC_HEADERS 1
| #define HAVE_DLFCN_H 1
| #define LT_OBJDIR ".libs/"
| #define SIZEOF_SIZE_T 8
| #define HAVE_SYS_MMAN_H 1
| #define HAVE_MMAP 1
| #define HAVE_MKSTEMP 1
| #define HAVE_MMAP_FILE 1
| #define HAVE_MMAP_DEV_ZERO 1
| #define HAVE_MMAP_ANON 1
| #define HAVE_MEMCPY 1
| #define HAVE_ALLOCA_H 1
| #define HAVE_ALLOCA 1
| #define SIZEOF_DOUBLE 8
| #define SIZEOF_LONG_DOUBLE 16
| #define HAVE_LONG_DOUBLE 1
| #define HAVE_AS_CFI_PSEUDO_OP 1
| #define FFI_MMAP_EXEC_WRIT 1
| #define HAVE_RO_EH_FRAME 1
| #define EH_FRAME_FLAGS "a"
| #define HAVE_HIDDEN_VISIBILITY_ATTRIBUTE 1
| #define FFI_EXEC_STATIC_TRAMP 1
| /* end confdefs.h.  */
| 
| int
| main (void)
| {
| return 0;
|   ;
|   return 0;
| }
configure:21903: /Users/masterschool/.buildozer/android/platform/android-ndk-r25b/toolchains/llvm/prebuilt/darwin-x86_64/bin/clang -target aarch64-linux-android21 -fomit-frame-pointer -march=armv8-a -fPIC -o conftest  -lgcc_s -DANDROID -I/Users/masterschool/.buildozer/android/platform/android-ndk-r25b/toolchains/llvm/prebuilt/darwin-x86_64/sysroot/usr/include -I/Users/masterschool/Desktop/New_Project_Ethiopian_2026/ethiopian_coffee_game/.buildozer/android/platform/build-arm64-v8a_armeabi-v7a/build/python-installs/coffeegame/arm64-v8a/include/python3.1   -L/Users/masterschool/Desktop/New_Project_Ethiopian_2026/ethiopian_coffee_game/.buildozer/android/platform/build-arm64-v8a_armeabi-v7a/build/libs_collections/coffeegame/arm64-v8a conftest.c  >&5
ld: error: unable to find library -lgcc_s
clang-14: error: linker command failed with exit code 1 (use -v to see invocation)
configure:21903: $? = 1
configure: failed program was:
| /* confdefs.h */
| #define PACKAGE_NAME "libffi"
| #define PACKAGE_TARNAME "libffi"
| #define PACKAGE_VERSION "3.4.2"
| #define PACKAGE_STRING "libffi 3.4.2"
| #define PACKAGE_BUGREPORT "http://github.com/libffi/libffi/issues"
| #define PACKAGE_URL ""
| #define PACKAGE "libffi"
| #define VERSION "3.4.2"
| #define HAVE_STDIO_H 1
| #define HAVE_STDLIB_H 1
| #define HAVE_STRING_H 1
| #define HAVE_INTTYPES_H 1
| #define HAVE_STDINT_H 1
| #define HAVE_STRINGS_H 1
| #define HAVE_SYS_STAT_H 1
| #define HAVE_SYS_TYPES_H 1
| #define HAVE_UNISTD_H 1
| #define STDC_HEADERS 1
| #define HAVE_DLFCN_H 1
| #define LT_OBJDIR ".libs/"
| #define SIZEOF_SIZE_T 8
| #define HAVE_SYS_MMAN_H 1
| #define HAVE_MMAP 1
| #define HAVE_MKSTEMP 1
| #define HAVE_MMAP_FILE 1
| #define HAVE_MMAP_DEV_ZERO 1
| #define HAVE_MMAP_ANON 1
| #define HAVE_MEMCPY 1
| #define HAVE_ALLOCA_H 1
| #define HAVE_ALLOCA 1
| #define SIZEOF_DOUBLE 8
| #define SIZEOF_LONG_DOUBLE 16
| #define HAVE_LONG_DOUBLE 1
| #define HAVE_AS_CFI_PSEUDO_OP 1
| #define FFI_MMAP_EXEC_WRIT 1
| #define HAVE_RO_EH_FRAME 1
| #define EH_FRAME_FLAGS "a"
| #define HAVE_HIDDEN_VISIBILITY_ATTRIBUTE 1
| #define FFI_EXEC_STATIC_TRAMP 1
| /* end confdefs.h.  */
| 
| int
| main (void)
| {
| return 0;
|   ;
|   return 0;
| }
configure:21912: result: no
configure:21998: versioning on shared library symbols is gnu
configure:22082: checking that generated files are newer than configure
configure:22088: result: done
configure:22176: creating ./config.status

## ---------------------- ##
## Running config.status. ##
## ---------------------- ##

This file was extended by libffi config.status 3.4.2, which was
generated by GNU Autoconf 2.73.  Invocation command line was

  CONFIG_FILES    = 
  CONFIG_HEADERS  = 
  CONFIG_LINKS    = 
  CONFIG_COMMANDS = 
  $ ./config.status 

on Masterschool-softwares-MacBook-Air.local

config.status:1230: creating include/Makefile
config.status:1230: creating include/ffi.h
config.status:1230: creating Makefile
config.status:1230: creating testsuite/Makefile
config.status:1230: creating man/Makefile
config.status:1230: creating doc/Makefile
config.status:1230: creating libffi.pc
config.status:1230: creating fficonfig.h
config.status:1459: executing buildir commands
config.status:1472: skipping top_srcdir/Makefile - not created
config.status:1459: executing depfiles commands
config.status:1680: cd .       && sed -e '/# am--include-marker/d' Makefile         | make -j8 -f - am--depfiles
config.status:1685: $? = 0
config.status:1459: executing libtool commands
config.status:1459: executing include commands
config.status:1459: executing src commands

## ---------------- ##
## Cache variables. ##
## ---------------- ##

ac_cv_build=aarch64-apple-darwin22.6.0
ac_cv_c_bigendian=no
ac_cv_c_compiler_gnu=yes
ac_cv_cflags_warn_all=-Wall
ac_cv_cxx_compiler_gnu=yes
ac_cv_decl_map_anon=yes
ac_cv_env_CCASFLAGS_set=
ac_cv_env_CCASFLAGS_value=
ac_cv_env_CCAS_set=
ac_cv_env_CCAS_value=
ac_cv_env_CPPFLAGS_set=set
ac_cv_env_CPPFLAGS_value='-DANDROID -I/Users/masterschool/.buildozer/android/platform/android-ndk-r25b/toolchains/llvm/prebuilt/darwin-x86_64/sysroot/usr/include -I/Users/masterschool/Desktop/New_Project_Ethiopian_2026/ethiopian_coffee_game/.buildozer/android/platform/build-arm64-v8a_armeabi-v7a/build/python-installs/coffeegame/arm64-v8a/include/python3.1'
ac_cv_env_CXXCPP_set=
ac_cv_env_CXXCPP_value=
ac_cv_env_LT_SYS_LIBRARY_PATH_set=
ac_cv_env_LT_SYS_LIBRARY_PATH_value=
ac_cv_env_build_alias_set=
ac_cv_env_build_alias_value=
ac_cv_env_host_alias_set=set
ac_cv_env_host_alias_value=aarch64-linux-android
ac_cv_env_target_alias_set=
ac_cv_env_target_alias_value=
ac_cv_func_alloca_works=yes
ac_cv_func_memcpy=yes
ac_cv_func_memfd_create=no
ac_cv_func_mkostemp=no
ac_cv_func_mkstemp=yes
ac_cv_func_mmap=yes
ac_cv_func_mmap_anon=yes
ac_cv_func_mmap_dev_zero=yes
ac_cv_func_mmap_file=yes
ac_cv_header_dlfcn_h=yes
ac_cv_header_inttypes_h=yes
ac_cv_header_stdint_h=yes
ac_cv_header_stdio_h=yes
ac_cv_header_stdlib_h=yes
ac_cv_header_string_h=yes
ac_cv_header_strings_h=yes
ac_cv_header_sys_memfd_h=no
ac_cv_header_sys_mman_h=yes
ac_cv_header_sys_stat_h=yes
ac_cv_header_sys_types_h=yes
ac_cv_header_unistd_h=yes
ac_cv_host=aarch64-unknown-linux-android
ac_cv_objext=o
ac_cv_path_EGREP='/usr/bin/grep -E'
ac_cv_path_EGREP_TRADITIONAL='/usr/bin/grep -E'
ac_cv_path_FGREP='/usr/bin/grep -F'
ac_cv_path_GREP=/usr/bin/grep
ac_cv_path_SED=/usr/bin/sed
ac_cv_path_ax_enable_builddir_sed=sed
ac_cv_path_install='/usr/bin/install -c'
ac_cv_path_lt_DD=/bin/dd
ac_cv_prog_AR=/Users/masterschool/.buildozer/android/platform/android-ndk-r25b/toolchains/llvm/prebuilt/darwin-x86_64/bin/llvm-ar
ac_cv_prog_AWK=awk
ac_cv_prog_CC='/Users/masterschool/.buildozer/android/platform/android-ndk-r25b/toolchains/llvm/prebuilt/darwin-x86_64/bin/clang -target aarch64-linux-android21 -fomit-frame-pointer -march=armv8-a -fPIC'
ac_cv_prog_CXXCPP='/Users/masterschool/.buildozer/android/platform/android-ndk-r25b/toolchains/llvm/prebuilt/darwin-x86_64/bin/clang++ -target aarch64-linux-android21 -fomit-frame-pointer -march=armv8-a -fPIC -E'
ac_cv_prog_FILECMD=file
ac_cv_prog_RANLIB=/Users/masterschool/.buildozer/android/platform/android-ndk-r25b/toolchains/llvm/prebuilt/darwin-x86_64/bin/llvm-ranlib
ac_cv_prog_READELF=/Users/masterschool/.buildozer/android/platform/android-ndk-r25b/toolchains/llvm/prebuilt/darwin-x86_64/bin/llvm-readelf
ac_cv_prog_STRIP='/Users/masterschool/.buildozer/android/platform/android-ndk-r25b/toolchains/llvm/prebuilt/darwin-x86_64/bin/llvm-strip --strip-unneeded'
ac_cv_prog_ac_ct_DUMPBIN='link -dump'
ac_cv_prog_ac_ct_OBJDUMP=objdump
ac_cv_prog_cc_c11=
ac_cv_prog_cc_c23=no
ac_cv_prog_cc_g=yes
ac_cv_prog_cc_stdc=
ac_cv_prog_cxx_g=yes
ac_cv_prog_make_make_set=yes
ac_cv_sizeof_double=8
ac_cv_sizeof_long_double=16
ac_cv_sizeof_size_t=8
ac_cv_target=aarch64-unknown-linux-android
ac_cv_type_size_t=yes
ac_cv_working_alloca_h=yes
am_cv_CCAS_dependencies_compiler_type=gcc3
am_cv_CC_dependencies_compiler_type=gcc3
am_cv_CXX_dependencies_compiler_type=gcc3
am_cv_filesystem_timestamp_resolution=2
am_cv_make_support_nested_variables=yes
am_cv_prog_cc_c_o=yes
am_cv_prog_tar_ustar=gnutar
am_cv_sleep_fractional_seconds=yes
am_cv_xargs_n_works=yes
ax_cv_c_compiler_vendor=clang
ax_cv_check_cflags___fno_lto=yes
ax_cv_check_cflags___target_aarch64_linux_android21__fomit_frame_pointer__march_armv8_a__fPIC=yes
gcc_cv_as_cfi_pseudo_op=yes
libffi_cv_as_ptrauth=no
libffi_cv_hidden_visibility_attribute=yes
libffi_cv_no_lto=-fno-lto
libffi_cv_ro_eh_frame=yes
lt_cv_ar_at_file=@
lt_cv_archive_cmds_need_lc=no
lt_cv_deplibs_check_method=pass_all
lt_cv_file_magic_cmd='$MAGIC_CMD'
lt_cv_file_magic_test_file=
lt_cv_ld_reload_flag=-r
lt_cv_nm_interface='BSD nm'
lt_cv_objdir=.libs
lt_cv_path_LD=/Users/masterschool/.buildozer/android/platform/android-ndk-r25b/toolchains/llvm/prebuilt/darwin-x86_64/bin/ld
lt_cv_path_LDCXX=/Users/masterschool/.buildozer/android/platform/android-ndk-r25b/toolchains/llvm/prebuilt/darwin-x86_64/bin/ld
lt_cv_path_NM=no
lt_cv_path_manifest_tool=no
lt_cv_prog_compiler_c_o=yes
lt_cv_prog_compiler_c_o_CXX=yes
lt_cv_prog_compiler_pic='-fPIC -DPIC'
lt_cv_prog_compiler_pic_CXX='-fPIC -DPIC'
lt_cv_prog_compiler_pic_works=yes
lt_cv_prog_compiler_pic_works_CXX=yes
lt_cv_prog_compiler_rtti_exceptions=yes
lt_cv_prog_compiler_static_works=yes
lt_cv_prog_compiler_static_works_CXX=yes
lt_cv_prog_gnu_ld=yes
lt_cv_prog_gnu_ldcxx=yes
lt_cv_sharedlib_from_linklib_cmd='printf %s\n'
lt_cv_sys_global_symbol_pipe='/usr/bin/sed -n -e '\''s/^.*[	 ]\([ABCDGIRSTW][ABCDGIRSTW]*\)[	 ][	 ]*\([_A-Za-z][_A-Za-z0-9]*\)$/\1 \2 \2/p'\'' | /usr/bin/sed '\''/ __gnu_lto/d'\'''
lt_cv_sys_global_symbol_to_c_name_address='/usr/bin/sed -n -e '\''s/^: \(.*\) .*$/  {"\1", (void *) 0},/p'\'' -e '\''s/^[ABCDGIRSTW][ABCDGIRSTW]* .* \(.*\)$/  {"\1", (void *) \&\1},/p'\'''
lt_cv_sys_global_symbol_to_c_name_address_lib_prefix='/usr/bin/sed -n -e '\''s/^: \(.*\) .*$/  {"\1", (void *) 0},/p'\'' -e '\''s/^[ABCDGIRSTW][ABCDGIRSTW]* .* \(lib.*\)$/  {"\1", (void *) \&\1},/p'\'' -e '\''s/^[ABCDGIRSTW][ABCDGIRSTW]* .* \(.*\)$/  {"lib\1", (void *) \&\1},/p'\'''
lt_cv_sys_global_symbol_to_cdecl='/usr/bin/sed -n -e '\''s/^T .* \(.*\)$/extern int \1();/p'\'' -e '\''s/^[ABCDGIRSTW][ABCDGIRSTW]* .* \(.*\)$/extern char \1;/p'\'''
lt_cv_sys_global_symbol_to_import=
lt_cv_sys_max_cmd_len=786432
lt_cv_sys_symbol_underscore=no
lt_cv_to_host_file_cmd=func_convert_file_noop
lt_cv_to_tool_file_cmd=func_convert_file_noop
lt_cv_truncate_bin='/bin/dd bs=4096 count=1'

## ----------------- ##
## Output variables. ##
## ----------------- ##

ACLOCAL='${SHELL} '\''/Users/masterschool/Desktop/New_Project_Ethiopian_2026/ethiopian_coffee_game/.buildozer/android/platform/build-arm64-v8a_armeabi-v7a/build/other_builds/libffi/arm64-v8a__ndk_target_21/libffi/missing'\'' aclocal-1.18'
ALLOCA=''
AMDEPBACKSLASH='\'
AMDEP_FALSE='#'
AMDEP_TRUE=''
AMTAR='$${TAR-tar}'
AM_BACKSLASH='\'
AM_DEFAULT_V='$(AM_DEFAULT_VERBOSITY)'
AM_DEFAULT_VERBOSITY='1'
AM_LTLDFLAGS=''
AM_RUNTESTFLAGS=''
AM_V='$(V)'
AR='/Users/masterschool/.buildozer/android/platform/android-ndk-r25b/toolchains/llvm/prebuilt/darwin-x86_64/bin/llvm-ar'
AUTOCONF='${SHELL} '\''/Users/masterschool/Desktop/New_Project_Ethiopian_2026/ethiopian_coffee_game/.buildozer/android/platform/build-arm64-v8a_armeabi-v7a/build/other_builds/libffi/arm64-v8a__ndk_target_21/libffi/missing'\'' autoconf'
AUTOHEADER='${SHELL} '\''/Users/masterschool/Desktop/New_Project_Ethiopian_2026/ethiopian_coffee_game/.buildozer/android/platform/build-arm64-v8a_armeabi-v7a/build/other_builds/libffi/arm64-v8a__ndk_target_21/libffi/missing'\'' autoheader'
AUTOMAKE='${SHELL} '\''/Users/masterschool/Desktop/New_Project_Ethiopian_2026/ethiopian_coffee_game/.buildozer/android/platform/build-arm64-v8a_armeabi-v7a/build/other_builds/libffi/arm64-v8a__ndk_target_21/libffi/missing'\'' automake-1.18'
AWK='awk'
BUILD_DOCS_FALSE='#'
BUILD_DOCS_TRUE=''
CC='/Users/masterschool/.buildozer/android/platform/android-ndk-r25b/toolchains/llvm/prebuilt/darwin-x86_64/bin/clang -target aarch64-linux-android21 -fomit-frame-pointer -march=armv8-a -fPIC'
CCAS='/Users/masterschool/.buildozer/android/platform/android-ndk-r25b/toolchains/llvm/prebuilt/darwin-x86_64/bin/clang -target aarch64-linux-android21 -fomit-frame-pointer -march=armv8-a -fPIC'
CCASDEPMODE='depmode=gcc3'
CCASFLAGS='-target aarch64-linux-android21 -fomit-frame-pointer -march=armv8-a -fPIC'
CCDEPMODE='depmode=gcc3'
CFLAGS='-target aarch64-linux-android21 -fomit-frame-pointer -march=armv8-a -fPIC -Wall -fexceptions'
CPPFLAGS='-DANDROID -I/Users/masterschool/.buildozer/android/platform/android-ndk-r25b/toolchains/llvm/prebuilt/darwin-x86_64/sysroot/usr/include -I/Users/masterschool/Desktop/New_Project_Ethiopian_2026/ethiopian_coffee_game/.buildozer/android/platform/build-arm64-v8a_armeabi-v7a/build/python-installs/coffeegame/arm64-v8a/include/python3.1'
CSCOPE='cscope'
CTAGS='ctags'
CXX='/Users/masterschool/.buildozer/android/platform/android-ndk-r25b/toolchains/llvm/prebuilt/darwin-x86_64/bin/clang++ -target aarch64-linux-android21 -fomit-frame-pointer -march=armv8-a -fPIC'
CXXCPP='/Users/masterschool/.buildozer/android/platform/android-ndk-r25b/toolchains/llvm/prebuilt/darwin-x86_64/bin/clang++ -target aarch64-linux-android21 -fomit-frame-pointer -march=armv8-a -fPIC -E'
CXXDEPMODE='depmode=gcc3'
CXXFLAGS='-target aarch64-linux-android21 -fomit-frame-pointer -march=armv8-a -fPIC'
CYGPATH_W='echo'
DEFS='-DHAVE_CONFIG_H'
DEPDIR='.deps'
DLLTOOL='false'
DSYMUTIL=''
DUMPBIN=':'
ECHO_C='\c'
ECHO_N=''
ECHO_T=''
EGREP='/usr/bin/grep -E'
ETAGS='etags'
EXEEXT=''
FFI_DEBUG_FALSE=''
FFI_DEBUG_TRUE='#'
FFI_EXEC_TRAMPOLINE_TABLE='0'
FFI_EXEC_TRAMPOLINE_TABLE_FALSE=''
FFI_EXEC_TRAMPOLINE_TABLE_TRUE='#'
FGREP='/usr/bin/grep -F'
FILECMD='file'
GREP='/usr/bin/grep'
HAVE_LONG_DOUBLE='1'
HAVE_LONG_DOUBLE_VARIANT='0'
INSTALL_DATA='${INSTALL} -m 644'
INSTALL_PROGRAM='${INSTALL}'
INSTALL_SCRIPT='${INSTALL}'
INSTALL_STRIP_PROGRAM='$(install_sh) -c -s'
LD='/Users/masterschool/.buildozer/android/platform/android-ndk-r25b/toolchains/llvm/prebuilt/darwin-x86_64/bin/ld'
LDFLAGS='  -L/Users/masterschool/Desktop/New_Project_Ethiopian_2026/ethiopian_coffee_game/.buildozer/android/platform/build-arm64-v8a_armeabi-v7a/build/libs_collections/coffeegame/arm64-v8a'
LIBFFI_BUILD_VERSIONED_SHLIB_FALSE='#'
LIBFFI_BUILD_VERSIONED_SHLIB_GNU_FALSE='#'
LIBFFI_BUILD_VERSIONED_SHLIB_GNU_TRUE=''
LIBFFI_BUILD_VERSIONED_SHLIB_SUN_FALSE=''
LIBFFI_BUILD_VERSIONED_SHLIB_SUN_TRUE='#'
LIBFFI_BUILD_VERSIONED_SHLIB_TRUE=''
LIBOBJS=''
LIBS=''
LIBTOOL='$(SHELL) $(top_builddir)/libtool'
LIPO=''
LN_S='ln -s'
LTLIBOBJS=''
LT_SYS_LIBRARY_PATH=''
MAINT='#'
MAINTAINER_MODE_FALSE=''
MAINTAINER_MODE_TRUE='#'
MAKEINFO='${SHELL} '\''/Users/masterschool/Desktop/New_Project_Ethiopian_2026/ethiopian_coffee_game/.buildozer/android/platform/build-arm64-v8a_armeabi-v7a/build/other_builds/libffi/arm64-v8a__ndk_target_21/libffi/missing'\'' makeinfo'
MANIFEST_TOOL=':'
MKDIR_P='mkdir -p'
NM='nm'
NMEDIT=''
OBJDUMP='objdump'
OBJEXT='o'
OPT_LDFLAGS='-Wl,-O1 '
OTOOL64=''
OTOOL=''
PACKAGE='libffi'
PACKAGE_BUGREPORT='http://github.com/libffi/libffi/issues'
PACKAGE_NAME='libffi'
PACKAGE_STRING='libffi 3.4.2'
PACKAGE_TARNAME='libffi'
PACKAGE_URL=''
PACKAGE_VERSION='3.4.2'
PATH_SEPARATOR=':'
PRTDIAG=''
RANLIB='/Users/masterschool/.buildozer/android/platform/android-ndk-r25b/toolchains/llvm/prebuilt/darwin-x86_64/bin/llvm-ranlib'
READELF='/Users/masterschool/.buildozer/android/platform/android-ndk-r25b/toolchains/llvm/prebuilt/darwin-x86_64/bin/llvm-readelf'
SECTION_LDFLAGS=''
SED='/usr/bin/sed'
SET_MAKE=''
SHELL='/bin/sh'
STRIP='/Users/masterschool/.buildozer/android/platform/android-ndk-r25b/toolchains/llvm/prebuilt/darwin-x86_64/bin/llvm-strip --strip-unneeded'
TARGET='AARCH64'
TARGETDIR='aarch64'
TARGET_OBJ=' src/aarch64/ffi.lo src/aarch64/sysv.lo'
TESTSUBDIR_FALSE='#'
TESTSUBDIR_TRUE=''
VERSION='3.4.2'
ac_ct_AR=''
ac_ct_CC=''
ac_ct_CXX=''
ac_ct_DUMPBIN='link -dump'
am__EXEEXT_FALSE=''
am__EXEEXT_TRUE='#'
am__fastdepCCAS_FALSE='#'
am__fastdepCCAS_TRUE=''
am__fastdepCC_FALSE='#'
am__fastdepCC_TRUE=''
am__fastdepCXX_FALSE='#'
am__fastdepCXX_TRUE=''
am__include='include'
am__isrc=''
am__leading_dot='.'
am__nodep='_no'
am__quote=''
am__rm_f_notfound=''
am__tar='tar --format=ustar -chf - "$$tardir"'
am__untar='tar -xf -'
am__xargs_n='xargs -n'
ax_enable_builddir_sed='sed'
bindir='${exec_prefix}/bin'
build='aarch64-apple-darwin22.6.0'
build_alias=''
build_cpu='aarch64'
build_os='darwin22.6.0'
build_vendor='apple'
datadir='${datarootdir}'
datarootdir='${prefix}/share'
docdir='${datarootdir}/doc/${PACKAGE_TARNAME}'
dvidir='${docdir}'
exec_prefix='${prefix}'
host='aarch64-unknown-linux-android'
host_alias='aarch64-linux-android'
host_cpu='aarch64'
host_os='linux-android'
host_vendor='unknown'
htmldir='${docdir}'
includedir='${prefix}/include'
infodir='${datarootdir}/info'
install_sh='${SHELL} /Users/masterschool/Desktop/New_Project_Ethiopian_2026/ethiopian_coffee_game/.buildozer/android/platform/build-arm64-v8a_armeabi-v7a/build/other_builds/libffi/arm64-v8a__ndk_target_21/libffi/install-sh'
libdir='${exec_prefix}/lib'
libexecdir='${exec_prefix}/libexec'
localedir='${datarootdir}/locale'
localstatedir='${prefix}/var'
mandir='${datarootdir}/man'
mkdir_p='$(MKDIR_P)'
oldincludedir='/usr/include'
pdfdir='${docdir}'
prefix='/Users/masterschool/Desktop/New_Project_Ethiopian_2026/ethiopian_coffee_game/.buildozer/android/platform/build-arm64-v8a_armeabi-v7a/build/other_builds/libffi/arm64-v8a__ndk_target_21/libffi'
program_transform_name='s,x,x,'
psdir='${docdir}'
runstatedir='${localstatedir}/run'
sbindir='${exec_prefix}/sbin'
sharedstatedir='${prefix}/com'
sys_symbol_underscore='no'
sysconfdir='${prefix}/etc'
target='aarch64-unknown-linux-android'
target_alias='aarch64-linux-android'
target_cpu='aarch64'
target_os='linux-android'
target_vendor='unknown'
toolexecdir='${libdir}/gcc-lib/$(target_alias)'
toolexeclibdir='${libdir}'

## ----------- ##
## confdefs.h. ##
## ----------- ##

/* confdefs.h */
#define PACKAGE_NAME "libffi"
#define PACKAGE_TARNAME "libffi"
#define PACKAGE_VERSION "3.4.2"
#define PACKAGE_STRING "libffi 3.4.2"
#define PACKAGE_BUGREPORT "http://github.com/libffi/libffi/issues"
#define PACKAGE_URL ""
#define PACKAGE "libffi"
#define VERSION "3.4.2"
#define HAVE_STDIO_H 1
#define HAVE_STDLIB_H 1
#define HAVE_STRING_H 1
#define HAVE_INTTYPES_H 1
#define HAVE_STDINT_H 1
#define HAVE_STRINGS_H 1
#define HAVE_SYS_STAT_H 1
#define HAVE_SYS_TYPES_H 1
#define HAVE_UNISTD_H 1
#define STDC_HEADERS 1
#define HAVE_DLFCN_H 1
#define LT_OBJDIR ".libs/"
#define SIZEOF_SIZE_T 8
#define HAVE_SYS_MMAN_H 1
#define HAVE_MMAP 1
#define HAVE_MKSTEMP 1
#define HAVE_MMAP_FILE 1
#define HAVE_MMAP_DEV_ZERO 1
#define HAVE_MMAP_ANON 1
#define HAVE_MEMCPY 1
#define HAVE_ALLOCA_H 1
#define HAVE_ALLOCA 1
#define SIZEOF_DOUBLE 8
#define SIZEOF_LONG_DOUBLE 16
#define HAVE_LONG_DOUBLE 1
#define HAVE_AS_CFI_PSEUDO_OP 1
#define FFI_MMAP_EXEC_WRIT 1
#define HAVE_RO_EH_FRAME 1
#define EH_FRAME_FLAGS "a"
#define HAVE_HIDDEN_VISIBILITY_ATTRIBUTE 1
#define FFI_EXEC_STATIC_TRAMP 1
#define LIBFFI_GNU_SYMBOL_VERSIONING 1

configure: exit 
